Date,Consumption,Price
2014-11-04,2.18490921,324.467934
2014-11-05,2.175408032,328.644408
2014-11-06,2.174432389,337.921358
2014-11-07,2.131188738,348.99286
2014-11-08,2.148891644,341.459753
2014-11-09,2.167911931,344.745289
2014-11-10,2.154287739,357.239982
2014-11-11,2.116493976,371.116917
2014-11-12,2.138786095,366.664633
2014-11-13,2.120098053,428.882925
2014-11-14,2.128404201,418.944218
2014-11-15,2.101410012,399.688315
2014-11-16,2.101410012,374.983975
2014-11-17,2.095180665,388.040069
2014-11-18,2.147824238,387.062731
2014-11-19,2.140513773,373.7797
2014-11-20,2.131016814,378.013084
2014-11-21,2.079588312,356.750538
2014-11-22,2.114282168,350.599464
2014-11-23,2.102855018,352.080105
2014-11-24,2.114451983,366.424325
2014-11-25,2.072857959,376.211826
2014-11-26,2.064406256,376.917086
2014-11-27,2.070745297,369.402421
2014-11-28,2.115118584,369.807768
2014-11-29,2.121457625,377.078294
2014-11-30,2.159491871,375.964613
2014-12-01,2.123570287,377.568288
2014-12-02,2.10875101,380.535819
2014-12-03,2.022100644,382.810282
2014-12-04,1.979454606,376.230628
2014-12-05,1.93950346,370.539639
2014-12-06,1.847312658,377.384886
2014-12-07,1.729549318,375.097528
2014-12-08,1.739872715,375.749288
2014-12-09,1.724068999,361.12719
2014-12-10,1.77127969,351.69696
2014-12-11,1.774777169,345.204109
2014-12-12,1.748548714,348.597076
2014-12-13,1.764285611,352.235617
2014-12-14,1.790513187,347.330577
2014-12-15,1.752044435,353.053905
2014-12-16,1.753793174,346.405127
2014-12-17,1.724945566,326.892223
2014-12-18,1.688622955,319.413206
2014-12-19,1.678337131,311.661461
2014-12-20,1.654134365,317.473697
2014-12-21,1.635226174,329.231238
2014-12-22,1.671502188,320.776026
2014-12-23,1.680137743,332.252596
2014-12-24,1.722794151,336.089348
2014-12-25,1.772805111,322.967931
2014-12-26,1.798673092,319.076918
2014-12-27,1.829715196,327.553744
2014-12-28,1.893521768,315.527375
2014-12-29,1.893521768,317.127543
2014-12-30,1.904315773,312.392628
2014-12-31,1.910451747,310.527122
2015-01-01,1.931056805,319.869214
2015-01-02,1.962008351,313.357023
2015-01-03,1.987631033,314.686935
2015-01-04,2.001700078,278.265656
2015-01-05,1.995972055,264.081407
2015-01-06,2.007144997,272.849377
2015-01-07,1.985830421,286.887056
2015-01-08,1.953858117,294.815846
2015-01-09,1.909452091,282.486577
2015-01-10,1.882808651,289.279638
2015-01-11,1.852612342,274.555827
2015-01-12,1.831674945,265.591125
2015-01-13,1.795099122,267.656222
2015-01-14,1.825087938,223.729443
2015-01-15,1.854173811,178.016008
2015-01-16,1.872631849,209.304171
2015-01-17,1.876734221,206.268039
2015-01-18,1.895454262,199.864504
2015-01-19,1.916038218,210.386211
2015-01-20,1.89874249,214.001806
2015-01-21,1.906430262,211.078456
2015-01-22,1.875681812,227.33715
2015-01-23,1.846855305,233.37991
2015-01-24,1.823793748,231.856422
2015-01-25,1.769982862,247.35793
2015-01-26,1.737312469,253.469195
2015-01-27,1.789692888,273.677356
2015-01-28,1.799175118,263.666211
2015-01-29,1.835562791,234.4223
2015-01-30,1.846190626,232.626299
2015-01-31,1.903483165,226.717513
2015-02-01,1.942854862,215.876652
2015-02-02,1.98559831,226.875133
2015-02-03,1.935533718,238.588696
2015-02-04,1.92651483,227.68914
2015-02-05,1.917495941,227.351834
2015-02-06,1.987845559,216.377484
2015-02-07,1.975218412,222.743024
2015-02-08,1.933729589,228.066991
2015-02-09,1.946378717,223.397506
2015-02-10,1.997073699,220.328613
2015-02-11,2.017247066,220.413957
2015-02-12,1.961645239,219.273532
2015-02-13,1.926033904,221.963409
2015-02-14,1.95009248,235.69191
2015-02-15,1.983997277,257.016289
2015-02-16,1.989578473,235.383443
2015-02-17,1.999293693,233.443198
2015-02-18,2.016780208,243.57167
2015-02-19,2.108098875,236.165845
2015-02-20,2.131414523,239.779293
2015-02-21,2.096441491,244.050679
2015-02-22,2.118397887,244.600396
2015-02-23,2.103086525,236.170583
2015-02-24,2.076793888,239.004844
2015-02-25,2.076739378,239.073143
2015-02-26,2.060264827,237.333674
2015-02-27,2.063414141,236.695991
2015-02-28,2.077247558,254.240418
2015-03-01,2.068929396,255.365601
2015-03-02,2.101575171,261.258163
2015-03-03,2.160745693,276.146219
2015-03-04,2.121978891,282.661248
2015-03-05,2.085251844,273.239504
2015-03-06,2.07709106,275.919972
2015-03-07,2.073010668,272.988451
2015-03-08,2.106825786,276.729114
2015-03-09,2.082938655,275.28288
2015-03-10,2.075634217,290.528592
2015-03-11,2.109201399,292.310033
2015-03-12,2.111416117,296.642571
2015-03-13,2.11207728,295.330908
2015-03-14,2.097968671,283.35882
2015-03-15,2.074919423,282.462474
2015-03-16,2.06455447,286.555122
2015-03-17,2.014805513,291.095905
2015-03-18,2.012732347,285.323639
2015-03-19,2.025169586,256.811988
2015-03-20,2.00444144,261.245227
2015-03-21,2.045898611,261.911313
2015-03-22,2.043608281,260.02965
2015-03-23,2.051546627,267.971116
2015-03-24,2.139456614,266.927723
2015-03-25,2.153085177,245.695011
2015-03-26,2.1712944,246.015925
2015-03-27,2.238536906,248.738336
2015-03-28,2.227726197,246.530862
2015-03-29,2.245996964,252.839993
2015-03-30,2.23987154,242.686084
2015-03-31,2.192909664,247.403936
2015-04-01,2.131655425,244.428673
2015-04-02,2.168407968,246.999828
2015-04-03,2.117363062,253.21255
2015-04-04,2.127571516,254.398705
2015-04-05,2.132628705,253.847543
2015-04-06,2.11498657,260.857954
2015-04-07,2.137198815,255.764292
2015-04-08,2.137814259,253.805465
2015-04-09,2.08629634,244.955356
2015-04-10,2.116675524,243.625348
2015-04-11,2.106829303,236.135806
2015-04-12,2.06599285,236.788708
2015-04-13,2.130825455,236.261576
2015-04-14,2.124342195,224.627105
2015-04-15,2.117858934,219.810443
2015-04-16,2.128664368,223.909151
2015-04-17,2.072476111,228.23524
2015-04-18,2.085442632,222.329594
2015-04-19,2.118169294,223.041124
2015-04-20,2.101490768,222.085733
2015-04-21,2.09785877,224.23028
2015-04-22,2.150495917,235.339103
2015-04-23,2.12277633,234.104639
2015-04-24,2.108505068,236.008938
2015-04-25,2.132165364,231.086402
2015-04-26,2.122462454,226.098491
2015-04-27,2.087088504,219.515292
2015-04-28,2.087088504,227.074393
2015-04-29,2.035066801,225.216036
2015-04-30,2.043390238,225.062381
2015-05-01,2.093330862,236.122786
2015-05-02,2.060037113,231.504339
2015-05-03,2.053852782,234.69621
2015-05-04,2.035308583,239.889759
2015-05-05,2.037610342,238.52921
2015-05-06,2.108590351,235.953669
2015-05-07,2.123359243,229.248823
2015-05-08,2.127735927,237.252183
2015-05-09,2.090465532,244.166836
2015-05-10,2.065621826,242.122048
2015-05-11,2.128090247,240.314888
2015-05-12,2.119761535,242.089965
2015-05-13,2.121843493,241.143347
2015-05-14,2.148912468,235.749295
2015-05-15,2.142665714,236.749797
2015-05-16,2.148912468,237.148846
2015-05-17,2.240998681,235.664353
2015-05-18,2.219173287,236.189902
2015-05-19,2.184141349,232.917253
2015-05-20,2.156120194,231.494289
2015-05-21,2.166088625,234.108395
2015-05-22,2.154368817,235.140514
2015-05-23,2.118421626,240.218354
2015-05-24,2.069162386,238.506004
2015-05-25,2.06276265,240.428057
2015-05-26,2.092627498,236.923468
2015-05-27,2.077695074,236.834355
2015-05-28,2.028632776,237.065961
2015-05-29,2.062763529,236.850409
2015-05-30,2.113959658,236.552162
2015-05-31,2.11620339,232.938981
2015-06-01,2.089978452,228.911707
2015-06-02,2.094792981,222.305276
2015-06-03,2.095767141,224.940443
2015-06-04,2.107459693,224.936406
2015-06-05,2.065983179,223.768013
2015-06-06,2.146100769,224.48728
2015-06-07,2.142325461,225.083457
2015-06-08,2.194324305,222.907579
2015-06-09,2.196403626,228.389056
2015-06-10,2.25256199,229.04234
2015-06-11,2.240082549,228.537431
2015-06-12,2.24840247,229.575756
2015-06-13,2.208883946,229.470833
2015-06-14,2.21718892,232.183886
2015-06-15,2.203383638,233.653656
2015-06-16,2.14559083,236.949148
2015-06-17,2.137232225,250.827587
2015-06-18,2.19524835,248.857962
2015-06-19,2.21915834,249.129056
2015-06-20,2.179475406,244.425259
2015-06-21,2.130568727,245.11259
2015-06-22,2.150115221,243.66241
2015-06-23,2.197895638,246.911361
2015-06-24,2.193552363,243.751731
2015-06-25,2.184864935,240.012215
2015-06-26,2.200067275,242.077664
2015-06-27,2.189208209,243.124362
2015-06-28,2.224822182,251.319118
2015-06-29,2.194811385,248.618804
2015-06-30,2.203830274,256.736691
2015-07-01,2.156507923,262.508063
2015-07-02,2.158896724,258.051293
2015-07-03,2.172056671,254.603739
2015-07-04,2.220079748,256.11961
2015-07-05,2.221756392,260.60165
2015-07-06,2.310281824,271.85882
2015-07-07,2.286531849,268.848039
2015-07-08,2.342669992,265.699098
2015-07-09,2.297328491,270.354102
2015-07-10,2.282214071,269.411507
2015-07-11,2.275553211,285.305328
2015-07-12,2.270318422,293.355179
2015-07-13,2.209896791,311.022534
2015-07-14,2.242025593,292.440656
2015-07-15,2.235948526,287.304948
2015-07-16,2.247913632,285.61609
2015-07-17,2.243557169,278.867644
2015-07-18,2.254643949,279.915468
2015-07-19,2.292593091,276.958476
2015-07-20,2.31045151,274.907643
2015-07-21,2.272502369,279.638416
2015-07-22,2.274734671,275.915773
2015-07-23,2.288128486,277.827433
2015-07-24,2.33723914,276.529998
2015-07-25,2.352235746,288.820679
2015-07-26,2.341942009,289.273504
2015-07-27,2.334143458,292.856431
2015-07-28,2.361378603,294.093543
2015-07-29,2.364898941,295.053741
2015-07-30,2.358544045,290.004226
2015-07-31,2.326294791,288.278261
2015-08-01,2.332834321,284.407784
2015-08-02,2.348827946,280.492812
2015-08-03,2.367106626,282.304127
2015-08-04,2.367106626,280.942654
2015-08-05,2.323694102,285.451732
2015-08-06,2.344257836,282.333962
2015-08-07,2.312269707,279.121189
2015-08-08,2.327747239,279.822054
2015-08-09,2.309800019,261.728057
2015-08-10,2.335725148,265.461649
2015-08-11,2.39811532,264.727125
2015-08-12,2.384442798,271.657012
2015-08-13,2.39629009,267.139904
2015-08-14,2.410331,264.524486
2015-08-15,2.356250198,265.937124
2015-08-16,2.347037005,261.795466
2015-08-17,2.300971039,257.964436
2015-08-18,2.252602434,257.106781
2015-08-19,2.321700943,220.795121
2015-08-20,2.328610618,226.45461
2015-08-21,2.38158538,235.520902
2015-08-22,2.440704908,232.620885
2015-08-23,2.440609075,230.606894
2015-08-24,2.46958153,228.788772
2015-08-25,2.464947238,210.369911
2015-08-26,2.487417969,222.206051
2015-08-27,2.466797086,225.821614
2015-08-28,2.454310612,225.487719
2015-08-29,2.459053045,231.541891
2015-08-30,2.496994274,229.976061
2015-08-31,2.501737587,228.973938
2015-09-01,2.546792467,230.273955
2015-09-02,2.54442125,227.972279
2015-09-03,2.565763082,229.540856
2015-09-04,2.580175895,227.172825
2015-09-05,2.566702073,230.728768
2015-09-06,2.569473328,235.722164
2015-09-07,2.575560067,240.429486
2015-09-08,2.548931574,240.59247
2015-09-09,2.540436691,244.186226
2015-09-10,2.619906307,238.827529
2015-09-11,2.631259486,238.770168
2015-09-12,2.601386725,240.243484
2015-09-13,2.618811697,235.123795
2015-09-14,2.618811697,230.727051
2015-09-15,2.67855634,230.960243
2015-09-16,2.661130489,230.458616
2015-09-17,2.59672342,229.037079
2015-09-18,2.584616762,233.238849
2015-09-19,2.5727132,233.083494
2015-09-20,2.528759965,231.705669
2015-09-21,2.492689685,230.409946
2015-09-22,2.501536249,227.145239
2015-09-23,2.557785172,230.949642
2015-09-24,2.559570838,230.294972
2015-09-25,2.603655954,234.5941
2015-09-26,2.660708471,235.378747
2015-09-27,2.715167331,234.276596
2015-09-28,2.74369315,233.215967
2015-09-29,2.787779145,240.072871
2015-09-30,2.761846103,236.869857
2015-10-01,2.789835606,236.434715
2015-10-02,2.731324488,237.918319
2015-10-03,2.735503352,237.825444
2015-10-04,2.755758485,239.611143
2015-10-05,2.791573795,238.807407
2015-10-06,2.717760987,240.794243
2015-10-07,2.687453019,246.711984
2015-10-08,2.668506143,243.585494
2015-10-09,2.63661121,243.008836
2015-10-10,2.676479657,244.510468
2015-10-11,2.657874792,245.728105
2015-10-12,2.628638575,247.968202
2015-10-13,2.615349386,246.327044
2015-10-14,2.665848305,250.94498
2015-10-15,2.735227281,253.109233
2015-10-16,2.783513241,254.808467
2015-10-17,2.720143634,263.307075
2015-10-18,2.717933311,273.02095
2015-10-19,2.779573521,264.723178
2015-10-20,2.756047744,265.030491
2015-10-21,2.735229039,270.873073
2015-10-22,2.687569953,267.811006
2015-10-23,2.700874968,275.58681
2015-10-24,2.724823644,278.78217
2015-10-25,2.751432795,283.489442
2015-10-26,2.74877144,284.670332
2015-10-27,2.799329266,287.031072
2015-10-28,2.78602513,295.27047
2015-10-29,2.801972157,304.849329
2015-10-30,2.870753274,314.64625
2015-10-31,2.884877708,328.350947
2015-11-01,2.888718077,315.489281
2015-11-02,2.868609771,330.033308
2015-11-03,2.899179742,365.239184
2015-11-04,2.951037034,404.467665
2015-11-05,2.938510995,409.149336
2015-11-06,2.867769251,387.156225
2015-11-07,2.881374075,374.915252
2015-11-08,2.843282501,384.788729
2015-11-09,2.832399697,372.51
2015-11-10,2.807912069,379.755748
2015-11-11,2.858363511,337.811773
2015-11-12,2.924467447,313.437678
2015-11-13,2.990414884,336.959702
2015-11-14,2.985513314,337.125328
2015-11-15,3.067785837,333.363021
2015-11-16,3.160262417,320.338059
2015-11-17,3.191831166,331.338683
2015-11-18,3.15997228,336.002956
2015-11-19,3.088024266,335.033453
2015-11-20,3.108169499,326.259347
2015-11-21,3.200262745,322.032527
2015-11-22,3.234797933,327.083987
2015-11-23,3.206018903,324.485901
2015-11-24,3.27003033,323.2271
2015-11-25,3.300107946,319.830436
2015-11-26,3.468104752,329.066694
2015-11-27,3.410215232,353.4172
2015-11-28,3.398927114,358.325404
2015-11-29,3.377501758,357.360357
2015-11-30,3.423296929,371.334771
2015-12-01,3.461263655,377.106935
2015-12-02,3.502582791,362.69454
2015-12-03,3.394517899,359.260337
2015-12-04,3.458086206,361.419012
2015-12-05,3.524831962,363.521242
2015-12-06,3.559125368,389.085842
2015-12-07,3.552437252,387.673972
2015-12-08,3.626658891,395.888359
2015-12-09,3.695750367,417.537283
2015-12-10,3.991176563,418.410117
2015-12-11,4.058036615,415.317683
2015-12-12,4.061886656,452.992626
2015-12-13,4.044937334,435.766619
2015-12-14,4.210882954,433.131342
2015-12-15,4.238540997,444.038826
2015-12-16,4.22125494,465.255061
2015-12-17,4.01036522,455.283947
2015-12-18,4.059036272,455.838271
2015-12-19,4.140191325,463.351172
2015-12-20,4.323164515,461.964752
2015-12-21,4.25755733,442.466005
2015-12-22,4.237521119,437.650939
2015-12-23,4.315218256,435.132449
2015-12-24,4.342973891,442.442327
2015-12-25,4.402793267,456.046709
2015-12-26,4.459972389,455.543515
2015-12-27,4.623341057,416.919738
2015-12-28,4.631509754,422.237832
2015-12-29,4.668267573,421.523293
2015-12-30,4.700941483,432.297443
2015-12-31,4.755119876,426.323325
2016-01-01,4.706395193,430.268091
2016-01-02,4.666313979,434.08669
2016-01-03,4.487369308,433.170319
2016-01-04,4.692418466,430.341158
2016-01-05,4.755829395,433.799642
2016-01-06,4.722093406,431.923309
2016-01-07,4.771692898,428.824986
2016-01-08,4.94421849,459.08
2016-01-09,4.97145979,453.355402
2016-01-10,5.107664529,448.841116
2016-01-11,5.057722147,448.980776
2016-01-12,5.116744083,448.87073
2016-01-13,5.192001426,433.495184
2016-01-14,5.18351006,431.943931
2016-01-15,5.002478156,429.489608
2016-01-16,5.020413946,358.751705
2016-01-17,4.973974317,388.154719
2016-01-18,5.059228226,380.235228
2016-01-19,4.946313637,385.869421
2016-01-20,4.983935714,378.778018
2016-01-21,5.003753004,418.806847
2016-01-22,5.271281134,409.927143
2016-01-23,5.454584905,381.163769
2016-01-24,5.553668714,386.116962
2016-01-25,5.499172047,402.800034
2016-01-26,5.656288687,390.886096
2016-01-27,5.716397321,391.401653
2016-01-28,5.803603944,394.533231
2016-01-29,5.818253264,379.848788
2016-01-30,5.912477705,378.374101
2016-01-31,6.014858534,376.456883
2016-02-01,6.056902135,367.112584
2016-02-02,6.185177321,371.326792
2016-02-03,6.31108129,372.840028
2016-02-04,6.426498097,368.877894
2016-02-05,6.526182403,388.849384
2016-02-06,6.594382364,385.155975
2016-02-07,6.730245972,374.844607
2016-02-08,6.817824499,376.646931
2016-02-09,6.982095232,371.191052
2016-02-10,7.076029535,373.533837
2016-02-11,7.404025894,379.858242
2016-02-12,7.494830226,378.207309
2016-02-13,7.42819525,382.889681
2016-02-14,7.388367246,391.837109
2016-02-15,7.413565272,407.405235
2016-02-16,7.174211279,399.56364
2016-02-17,7.117520116,407.318385
2016-02-18,6.972653445,414.774583
2016-02-19,6.868159886,421.386083
2016-02-20,6.95739044,420.128624
2016-02-21,6.826424007,438.022456
2016-02-22,6.776502725,439.135139
2016-02-23,6.879069945,437.899716
2016-02-24,6.745941546,419.745599
2016-02-25,6.789013818,424.117988
2016-02-26,6.816796708,423.453169
2016-02-27,6.79536168,431.219239
2016-02-28,6.838240527,432.206815
2016-02-29,6.881110581,433.61431
2016-03-01,6.916841488,436.475598
2016-03-02,7.195513546,433.919272
2016-03-03,7.052598711,422.104137
2016-03-04,7.157567042,419.180479
2016-03-05,7.145803274,407.873956
2016-03-06,7.21308007,397.693807
2016-03-07,7.183644273,403.815225
2016-03-08,7.242445529,412.484354
2016-03-09,7.283864895,411.83388
2016-03-10,7.392473135,412.731756
2016-03-11,7.394996455,416.19923
2016-03-12,7.353454001,420.04944
2016-03-13,7.249593469,410.199495
2016-03-14,7.38114897,412.348065
2016-03-15,7.429619563,414.932238
2016-03-16,7.318830893,415.270832
2016-03-17,7.221889707,416.046421
2016-03-18,7.080742076,418.507726
2016-03-19,7.067369362,407.803478
2016-03-20,7.202494437,408.857288
2016-03-21,7.155430573,411.28
2016-03-22,7.111144998,411.727937
2016-03-23,7.13641336,416.6
2016-03-24,7.223375565,417.488581
2016-03-25,7.312702831,414.625923
2016-03-26,7.435659704,415.868195
2016-03-27,7.399489194,416.689672
2016-03-28,7.623712942,424.996511
2016-03-29,7.688809309,422.585555
2016-03-30,7.674337588,415.84119
2016-03-31,7.507974346,413.190726
2016-04-01,7.565764516,415.311512
2016-04-02,7.472735795,416.891553
2016-04-03,7.488376858,419.891535
2016-04-04,7.469271725,419.600203
2016-04-05,7.463987701,419.30488
2016-04-06,7.545613129,422.263715
2016-04-07,7.662345227,421.611006
2016-04-08,7.598611629,421.592059
2016-04-09,7.766337639,418.316926
2016-04-10,7.992398927,418.29682
2016-04-11,7.897603003,420.882488
2016-04-12,7.846556338,423.367074
2016-04-13,7.897603003,425.950472
2016-04-14,8.137283181,424.061221
2016-04-15,8.172671198,424.66431
2016-04-16,8.068986507,429.930923
2016-04-17,8.041273954,431.337878
2016-04-18,7.971983778,427.722852
2016-04-19,8.064098125,428.527083
2016-04-20,8.156678452,436.755083
2016-04-21,8.082552646,442.125675
2016-04-22,8.113790814,451.414111
2016-04-23,8.160643668,447.844341
2016-04-24,7.957599978,452.902585
2016-04-25,7.902930987,461.943139
2016-04-26,7.910738331,462.592681
2016-04-27,7.629612411,467.91205
2016-04-28,7.504589405,444.855674
2016-04-29,7.621594057,449.625714
2016-04-30,7.637094448,455.429059
2016-05-01,7.816584227,447.402952
2016-05-02,8.050734204,451.210765
2016-05-03,8.050611115,443.80145
2016-05-04,8.347219842,450.790474
2016-05-05,8.503357926,447.299571
2016-05-06,8.534587301,448.390497
2016-05-07,8.565816676,460.584462
2016-05-08,8.667320937,458.762583
2016-05-09,8.776641334,459.275502
2016-05-10,8.831301532,460.19787
2016-05-11,8.638069774,450.890847
2016-05-12,8.607877861,452.31982
2016-05-13,8.633401193,454.833116
2016-05-14,8.684702827,455.729184
2016-05-15,8.553006653,455.397656
2016-05-16,8.414857112,457.295107
2016-05-17,8.378220624,453.383774
2016-05-18,8.566423328,453.069672
2016-05-19,8.405115516,453.157374
2016-05-20,8.379644936,437.04998
2016-05-21,8.354174357,442.363349
2016-05-22,8.736224263,442.617224
2016-05-23,9.067333009,437.678789
2016-05-24,9.122696572,443.497269
2016-05-25,9.025843307,444.710142
2016-05-26,9.183027645,448.849051
2016-05-27,9.128851009,454.13809
2016-05-28,9.09032423,471.973387
2016-05-29,8.808679578,525.305315
2016-05-30,8.534868646,526.230964
2016-05-31,8.388718336,532.637223
2016-06-01,8.432274171,531.569309
2016-06-02,8.458404154,537.119774
2016-06-03,8.48454293,538.225533
2016-06-04,8.362588352,570.724717
2016-06-05,8.562950466,572.615408
2016-06-06,8.789442564,574.16054
2016-06-07,8.902684217,585.500863
2016-06-08,8.892503019,577.343428
2016-06-09,9.104259635,583.217729
2016-06-10,9.101217584,575.907802
2016-06-11,9.401369509,579.45948
2016-06-12,9.171554015,612.74524
2016-06-13,9.070278347,671.804881
2016-06-14,8.981839078,705.708986
2016-06-15,9.048825736,684.643698
2016-06-16,8.911722449,696.422276
2016-06-17,8.954566127,768.462887
2016-06-18,8.97170184,748.170323
2016-06-19,9.237344953,756.063444
2016-06-20,9.263052919,766.114819
2016-06-21,9.478370316,731.530619
2016-06-22,9.356785004,667.315627
2016-06-23,9.361611842,606.198973
2016-06-24,9.265734495,624.923635
2016-06-25,9.394828221,664.903267
2016-06-26,9.21464387,664.794753
2016-06-27,9.155007369,628.13308
2016-06-28,9.163412573,657.558736
2016-06-29,9.319040717,646.39747
2016-06-30,9.410583581,639.736974
2016-07-01,9.648602062,673.866074
2016-07-02,9.529592822,676.598988
2016-07-03,9.602821838,704.770332
2016-07-04,9.640988143,658.929123
2016-07-05,9.63853516,681.677121
2016-07-06,9.60775418,667.5478
2016-07-07,9.512369188,676.434711
2016-07-08,9.445830925,640.148361
2016-07-09,9.471530098,664.250804
2016-07-10,9.516747631,648.909941
2016-07-11,9.466624132,649.8004
2016-07-12,9.447967394,648.745914
2016-07-13,9.345372918,664.648328
2016-07-14,9.382677603,654.592572
2016-07-15,9.289411496,660.09102
2016-07-16,9.364020865,664.327625
2016-07-17,9.298731073,663.93692
2016-07-18,9.345408087,680.075912
2016-07-19,9.206027658,674.395682
2016-07-20,9.402503684,674.983244
2016-07-21,9.080659726,666.661206
2016-07-22,8.784897953,665.25287
2016-07-23,8.298887725,649.99798
2016-07-24,7.835211826,654.439246
2016-07-25,7.433095375,661.298693
2016-07-26,7.202104663,654.11
2016-07-27,6.758355397,650.995394
2016-07-28,6.78075999,655.431869
2016-07-29,6.915180513,655.72737
2016-07-30,6.825569176,657.492979
2016-07-31,7.049608072,654.991627
2016-08-01,7.21389904,623.739888
2016-08-02,7.384361123,607.093854
2016-08-03,7.600786397,539.008491
2016-08-04,7.665656983,566.788403
2016-08-05,7.761376104,580.490379
2016-08-06,8.045008121,574.779778
2016-08-07,7.940148433,589.702056
2016-08-08,7.842761633,594.541913
2016-08-09,7.584644394,591.8913
2016-08-10,7.47871514,584.835465
2016-08-11,7.457527882,591.954927
2016-08-12,7.316288876,587.897382
2016-08-13,7.295108654,586.072579
2016-08-14,7.401044945,583.704384
2016-08-15,7.397751808,570.573556
2016-08-16,7.548546542,567.471025
2016-08-17,7.417419156,574.504263
2016-08-18,7.529069182,572.573596
2016-08-19,7.647776935,572.764007
2016-08-20,7.675219747,573.887641
2016-08-21,7.763487089,581.764404
2016-08-22,7.922972047,580.837867
2016-08-23,8.014215879,585.40337
2016-08-24,8.234722392,581.865829
2016-08-25,8.052234729,578.604902
2016-08-26,7.884953198,575.898625
2016-08-27,7.801308914,578.3125
2016-08-28,7.717671667,568.436569
2016-08-29,7.65538352,573.75128
2016-08-30,7.804039122,573.076967
2016-08-31,7.683016321,576.209288
2016-09-01,7.775611183,572.860812
2016-09-02,7.953384312,572.190965
2016-09-03,7.831418604,575.397388
2016-09-04,8.057885133,596.93913
2016-09-05,7.999861177,610.452474
2016-09-06,7.783647001,606.807088
2016-09-07,7.922641326,612.518342
2016-09-08,7.953525045,615.045211
2016-09-09,7.868578986,626.590999
2016-09-10,8.092512333,622.225238
2016-09-11,7.976682556,622.503212
2016-09-12,8.177015084,606.143034
2016-09-13,8.430255946,607.226691
2016-09-14,8.488849868,607.74401
2016-09-15,8.593421055,609.013927
2016-09-16,8.594940965,605.777795
2016-09-17,8.685664087,607.120546
2016-09-18,8.564697579,605.634987
2016-09-19,8.333931676,609.609072
2016-09-20,8.223337143,608.642833
2016-09-21,8.302330222,602.405326
2016-09-22,8.199637812,596.166585
2016-09-23,8.175938481,595.315346
2016-09-24,8.199637812,601.882223
2016-09-25,8.575928022,600.675237
2016-09-26,8.816298909,600.124525
2016-09-27,9.032618634,607.114642
2016-09-28,8.970126425,605.264903
2016-09-29,9.06292535,604.064144
2016-09-30,9.186790945,604.852702
2016-10-01,9.200237923,608.679516
2016-10-02,8.86827841,613.545215
2016-10-03,8.851404599,609.116131
2016-10-04,8.775458375,612.747211
2016-10-05,8.935780691,610.358596
2016-10-06,9.0876661,612.292832
2016-10-07,9.096103006,611.244222
2016-10-08,9.255440195,617.36306
2016-10-09,9.512558234,618.542395
2016-10-10,9.359751027,614.246487
2016-10-11,9.283523339,617.844652
2016-10-12,9.176566738,641.238177
2016-10-13,8.975551658,635.678641
2016-10-14,8.998765463,635.106101
2016-10-15,8.798770692,638.227787
2016-10-16,8.527480904,638.122737
2016-10-17,8.536522958,641.157389
2016-10-18,8.681209907,637.08189
2016-10-19,8.509389758,635.395401
2016-10-20,8.563649123,629.222848
2016-10-21,8.816847765,628.376298
2016-10-22,8.874139913,630.152961
2016-10-23,8.976037185,653.105424
2016-10-24,9.114278591,650.888734
2016-10-25,8.945744542,648.583114
2016-10-26,9.039634143,652.639693
2016-10-27,9.265038142,675.031143
2016-10-28,9.130448741,686.394579
2016-10-29,9.110893978,689.461752
2016-10-30,9.32380798,714.206034
2016-10-31,9.359293647,698.587737
2016-11-01,9.40365249,697.472765
2016-11-02,9.359293647,730.389491
2016-11-03,9.297195489,741.903728
2016-11-04,8.977824486,688.842823
2016-11-05,8.962041351,704.955671
2016-11-06,8.834333762,706.654898
2016-11-07,8.830583244,713.720512
2016-11-08,9.058288218,705.682219
2016-11-09,9.187635339,710.571601
2016-11-10,9.308855166,721.325798
2016-11-11,9.731523727,714.19093
2016-11-12,9.921751671,716.253702
2016-11-13,9.823780832,703.737455
2016-11-14,10.05534187,703.765635
2016-11-15,9.939561353,706.927639
2016-11-16,10.15331975,712.273734
2016-11-17,10.07315859,743.427139
2016-11-18,10.03654003,737.230159
2016-11-19,9.939976513,750.137376
2016-11-20,9.93698595,750.766643
2016-11-21,9.775235201,728.850972
2016-11-22,9.706698537,737.258827
2016-11-23,9.632701458,748.622655
2016-11-24,9.81344404,742.0043
2016-11-25,9.896609833,737.330823
2016-11-26,10.00504412,739.440163
2016-11-27,10.16275585,731.135716
2016-11-28,10.40918527,727.20269
2016-11-29,10.5570387,730.736571
2016-11-30,10.50775422,731.307204
2016-12-01,10.35004249,742.138802
2016-12-02,10.28407419,754.015
2016-12-03,10.50123128,771.513623
2016-12-04,10.56636222,765.613144
2016-12-05,10.47447102,768.208207
2016-12-06,10.51037888,751.364379
2016-12-07,10.85603165,759.141999
2016-12-08,10.9917258,765.01
2016-12-09,10.91356305,766.751686
2016-12-10,10.51232802,769.838289
2016-12-11,10.90352883,772.526139
2016-12-12,10.94365163,769.51098
2016-12-13,11.22451825,777.891976
2016-12-14,10.87343321,775.318035
2016-12-15,10.67231258,776.532041
2016-12-16,10.76105841,775.881599
2016-12-17,10.99923388,780.967423
2016-12-18,10.65316594,788.77705
2016-12-19,10.7265438,789.553658
2016-12-20,10.43820428,790.852103
2016-12-21,10.76890424,799.216308
2016-12-22,11.1201652,833.109239
2016-12-23,11.3262959,859.476476
2016-12-24,11.25034968,917.945464
2016-12-25,11.51072567,892.736547
2016-12-26,11.41308555,896.960887
2016-12-27,11.60836579,904.871122
2016-12-28,11.67499553,932.339786
2016-12-29,11.61688713,979.237194
2016-12-30,11.71250774,971.049353
2016-12-31,11.87085277,959.491368
2017-01-01,11.81432761,966.567909
2017-01-02,12.04066748,998.079443
2017-01-03,12.17068308,1018.369458
2017-01-04,12.07927741,1036.750461
2017-01-05,11.96814809,1137.239897
2017-01-06,12.01259841,1002.86
2017-01-07,11.90147613,895.332963
2017-01-08,12.02371627,907.241903
2017-01-09,11.76812518,914.83442
2017-01-10,11.7371148,901.407571
2017-01-11,11.83993387,905.342814
2017-01-12,12.31111991,778.83978
2017-01-13,12.28968637,806.053828
2017-01-14,12.78309406,827.310924
2017-01-15,12.89531405,817.670918
2017-01-16,13.37559845,821.487187
2017-01-17,13.4461124,831.648372
2017-01-18,13.41076043,905.013416
2017-01-19,13.4343331,887.397051
2017-01-20,13.89392984,902.151239
2017-01-21,13.99999279,895.48432
2017-01-22,14.10798377,924.167155
2017-01-23,14.01328496,923.413046
2017-01-24,14.19941759,914.99
2017-01-25,14.47982684,886.142057
2017-01-26,14.55988245,893.60059
2017-01-27,14.66935112,915.431075
2017-01-28,14.62568186,917.259501
2017-01-29,14.84518918,919.385524
2017-01-30,14.92766538,913.074384
2017-01-31,14.87268828,919.543827
2017-02-01,15.46375016,967.177316
2017-02-02,14.61738731,983.683419
2017-02-03,13.49940538,1007.271509
2017-02-04,12.59280629,1016.512888
2017-02-05,11.69452164,1032.71923
2017-02-06,10.81360887,1012.40293
2017-02-07,10.14742233,1023.212862
2017-02-08,8.791259479,1052.411201
2017-02-09,8.992157713,1052.015613
2017-02-10,9.065167459,985.473695
2017-02-11,9.10390835,995.552522
2017-02-12,8.936943988,1008.183418
2017-02-13,9.270868525,998.023605
2017-02-14,9.429043747,1000.296121
2017-02-15,9.367528136,1012.546072
2017-02-16,9.209352915,1013.547121
2017-02-17,9.24450529,1035.50956
2017-02-18,9.385592145,1055.786126
2017-02-19,9.384771434,1059.611435
2017-02-20,9.310287758,1055.94162
2017-02-21,9.091329704,1088.965575
2017-02-22,9.13599981,1128.325769
2017-02-23,9.185313631,1128.462585
2017-02-24,9.353902665,1185.995471
2017-02-25,9.523555274,1185.91222
2017-02-26,9.927252775,1152.505796
2017-02-27,9.890555286,1179.401572
2017-02-28,10.02817924,1195.174074
2017-03-01,10.08322966,1190.498788
2017-03-02,10.14745446,1229.458558
2017-03-03,10.05441686,1257.639297
2017-03-04,9.788221885,1289.034005
2017-03-05,9.564963474,1268.089252
2017-03-06,9.605697519,1278.644279
2017-03-07,9.669357027,1279.930685
2017-03-08,9.710091072,1232.654602
2017-03-09,9.689100142,1149.577012
2017-03-10,9.782824456,1190.701029
2017-03-11,9.945869507,1113.99
2017-03-12,10.02259757,1177.374181
2017-03-13,10.05136851,1226.299808
2017-03-14,10.08014363,1243.587215
2017-03-15,10.08014363,1245
2017-03-16,10.12809657,1257.852613
2017-03-17,10.13969121,1174.776007
2017-03-18,10.26523062,1070.077536
2017-03-19,10.4124393,969.084683
2017-03-20,10.36840148,1016.451782
2017-03-21,10.27827405,1039.352301
2017-03-22,10.49075017,1114.714779
2017-03-23,10.48880726,1038.140962
2017-03-24,10.72374824,1029.479317
2017-03-25,10.48610227,934.055104
2017-03-26,10.49600104,964.688788
2017-03-27,10.45639338,967.964412
2017-03-28,10.58511514,1041.913392
2017-03-29,10.37717806,1044.733653
2017-03-30,9.439186525,1041.343323
2017-03-31,8.145078166,1041.055647
2017-04-01,7.266781837,1081.309342
2017-04-02,6.309144906,1092.4799
2017-04-03,5.76633204,1107.694454
2017-04-04,4.77432136,1149.48146
2017-04-05,4.111303187,1143.453999
2017-04-06,4.222124999,1133.818106
2017-04-07,5.00889693,1192.3
2017-04-08,5.614989288,1193.471113
2017-04-09,6.141433666,1184.616089
2017-04-10,6.498204452,1210.688079
2017-04-11,7.228950974,1210.809409
2017-04-12,7.608385552,1223.071493
2017-04-13,7.975406129,1214.706439
2017-04-14,7.844930499,1175.832758
2017-04-15,7.992541897,1171.510567
2017-04-16,7.940584994,1178.689582
2017-04-17,7.916550091,1177.327725
2017-04-18,7.803584816,1188.308517
2017-04-19,7.857420789,1201.962894
2017-04-20,7.949062303,1210.006338
2017-04-21,8.171633861,1234.812416
2017-04-22,8.131887843,1246.675228
2017-04-23,8.187532268,1241.954858
2017-04-24,8.076243418,1247.602877
2017-04-25,8.092141825,1255.492386
2017-04-26,8.171633861,1277.444117
2017-04-27,8.245577727,1292.80873
2017-04-28,8.001578014,1341.963818
2017-04-29,8.22723223,1349.374115
2017-04-30,8.214020402,1360.781262
2017-05-01,8.42336478,1378.768955
2017-05-02,8.50566621,1430.801742
2017-05-03,8.341084844,1463.671881
2017-05-04,8.508601489,1511.526582
2017-05-05,8.45283425,1544.925513
2017-05-06,8.412999191,1527.20286
2017-05-07,8.540468922,1566.68584
2017-05-08,8.779476203,1566.372853
2017-05-09,8.755576396,1648.717642
2017-05-10,8.960757345,1719.299697
2017-05-11,8.776141775,1779.425439
2017-05-12,9.064622025,1835.265397
2017-05-13,9.07658421,1695.79
2017-05-14,9.147792371,1790.952773
2017-05-15,9.166712028,1794.330074
2017-05-16,9.060025672,1746.932976
2017-05-17,9.127973094,1777.02
2017-05-18,9.778907113,1808.338604
2017-05-19,10.54705696,1891.698409
2017-05-20,11.29372935,1961.337826
2017-05-21,11.76035405,2020.343605
2017-05-22,12.16298615,2019.548831
2017-05-23,13.26628955,2100.894781
2017-05-24,14.02445781,2266.627547
2017-05-25,14.42435785,2422.603808
2017-05-26,14.40940029,2301.487373
2017-05-27,14.58461281,2271.714993
2017-05-28,14.94801842,2052.191153
2017-05-29,15.13477785,2198.401292
2017-05-30,15.32435894,2281.305859
2017-05-31,15.4596116,2193.309809
2017-06-01,15.554288,2300.693462
2017-06-02,15.45960703,2414.25708
2017-06-03,15.78421705,2484.006687
2017-06-04,15.85796383,2548.31
2017-06-05,16.34213938,2530.080705
2017-06-06,16.24732601,2693.520881
2017-06-07,16.57107766,2870.144961
2017-06-08,16.81367681,2691.069516
2017-06-09,17.16520678,2806.286611
2017-06-10,16.74050988,2816.734106
2017-06-11,16.68428207,2908.0082
2017-06-12,16.42238786,2959.041062
2017-06-13,16.26833325,2659.135508
2017-06-14,15.88319444,2706.703046
2017-06-15,15.69832981,2459.969388
2017-06-16,15.6521148,2416.078485
2017-06-17,15.72046481,2483.577188
2017-06-18,15.81345643,2635.1301
2017-06-19,15.98796125,2513.446875
2017-06-20,16.04491046,2596.052308
2017-06-21,16.1495677,2728.967855
2017-06-22,16.03779694,2648.513506
2017-06-23,16.34227636,2680.432985
2017-06-24,16.46009679,2684.597114
2017-06-25,16.08857319,2564.729666
2017-06-26,15.9431936,2503.428155
2017-06-27,15.83011703,2410.526914
2017-06-28,16.10472242,2566.330559
2017-06-29,15.797814,2552.601572
2017-06-30,15.70089123,2535.190677
2017-07-01,15.99151344,2455.658213
2017-07-02,17.04466056,2419.798898
2017-07-03,17.48522817,2511.699458
2017-07-04,17.83005098,2544.292337
2017-07-05,17.69055213,2603.508039
2017-07-06,18.03613287,2608.955005
2017-07-07,17.9290101,2602.133534
2017-07-08,17.9339229,2500.893281
2017-07-09,17.12971226,2554.539413
2017-07-10,17.5639882,2507.298326
2017-07-11,17.88567154,2335.532958
2017-07-12,18.33602822,2307.601035
2017-07-13,18.57728959,2385.726953
2017-07-14,18.61095322,2339.221012
2017-07-15,18.27608385,2217.805548
2017-07-16,19.03285128,1969.521939
2017-07-17,17.681608,1914.617355
2017-07-18,16.92513803,2224.856385
2017-07-19,15.9078611,2307.524178
2017-07-20,15.37189943,2264.40314
2017-07-21,14.84879917,2862.75197
2017-07-22,14.49447667,2670
2017-07-23,13.63013915,2828.260295
2017-07-24,13.9985198,2756.969381
2017-07-25,13.78977107,2759.844521
2017-07-26,13.76521421,2563.464073
2017-07-27,13.74603971,2525.205131
2017-07-28,13.82443562,2665.119923
2017-07-29,13.92106035,2786.07
2017-07-30,13.73903925,2697.856161
2017-07-31,13.45708355,2733.956756
2017-08-01,13.59602728,2858.51
2017-08-02,13.61327277,2731.839924
2017-08-03,13.29766038,2699.873084
2017-08-04,13.47425636,2789.066054
2017-08-05,13.53496992,2857.25032
2017-08-06,13.28338744,3254.702667
2017-08-07,13.21392079,3224.166207
2017-08-08,13.22381368,3391.619862
2017-08-09,13.90223559,3420.114672
2017-08-10,14.76567666,3342.699698
2017-08-11,15.32547608,3422.961368
2017-08-12,15.74013755,3650.410734
2017-08-13,16.84266834,3872.849014
2017-08-14,17.45111153,4056.539338
2017-08-15,18.34106498,4321.51
2017-08-16,18.2830775,4155.6352
2017-08-17,19.12864745,4372.099162
2017-08-18,19.22259921,4276.693473
2017-08-19,19.5232473,4102.570687
2017-08-20,19.18501768,4157.41
2017-08-21,18.9031624,4054.240996
2017-08-22,17.71936693,3997.462706
2017-08-23,18.26428878,4085.361888
2017-08-24,16.73012821,4132.535892
2017-08-25,15.75611616,4310.374258
2017-08-26,14.81682783,4357.339336
2017-08-27,15.17598338,4342.358114
2017-08-28,15.34699385,4340.22
2017-08-29,16.36809436,4383.997067
2017-08-30,16.41732415,4585.478663
2017-08-31,17.53452184,4575.292667
2017-09-01,18.85412914,4739.469833
2017-09-02,19.66478949,4921.45768
2017-09-03,19.40643692,4605.892466
2017-09-04,19.96493492,4614.304072
2017-09-05,20.52526084,4312.106335
2017-09-06,20.21287896,4424.214533
2017-09-07,20.2863698,4612.221235
2017-09-08,20.14385758,4620.804685
2017-09-09,20.33502958,4340.151487
2017-09-10,20.15943849,4325.865032
2017-09-11,20.25472709,4239.831706
2017-09-12,20.22687597,4204.341804
2017-09-13,20.76259378,4163.544879
2017-09-14,20.72827462,3855.562625
2017-09-15,20.81406878,3247.122283
2017-09-16,20.81406878,3725.455917
2017-09-17,21.46611784,3715.875255
2017-09-18,20.98218553,3716.184135
2017-09-19,20.95723736,4099.970117
2017-09-20,20.09772461,3910.096313
2017-09-21,20.72338151,3868.228452
2017-09-22,20.48688083,3617.47
2017-09-23,20.99314641,3615.256116
2017-09-24,20.94839384,3783.96151
2017-09-25,21.01151056,3668.429743
2017-09-26,20.64216623,3919.834169
2017-09-27,21.25773762,3884.867698
2017-09-28,21.27825655,4199.330168
2017-09-29,21.89382794,4186.14868
2017-09-30,21.31929439,4159.147042
2017-10-01,21.01265154,4327.557678
2017-10-02,21.58270722,4381.058041
2017-10-03,22.57571454,4389.745915
2017-10-04,22.35995724,4309.407278
2017-10-05,21.34053157,4216.245182
2017-10-06,21.19584418,4312.60725
2017-10-07,21.66634661,4362.554735
2017-10-08,22.80145261,4421.879516
2017-10-09,23.03135058,4598.489158
2017-10-10,22.55064667,4760.627945
2017-10-11,22.6551454,4746.937791
2017-10-12,23.24033682,4814.909447
2017-10-13,22.75964788,5438.454008
2017-10-14,22.40435443,5634.969555
2017-10-15,22.89710782,5800.263796
2017-10-16,23.40479495,5688.761308
2017-10-17,23.71080933,5752.18579
2017-10-18,24.16639298,5594.588078
2017-10-19,24.93027298,5577.009011
2017-10-20,26.07170487,5699.300996
2017-10-21,26.53000069,5987.37009
2017-10-22,26.2840729,6013.46
2017-10-23,26.21729756,5993.838767
2017-10-24,26.28406542,5905.05879
2017-10-25,27.04076659,5524.056553
2017-10-26,27.23290002,5739.226825
2017-10-27,26.05892216,5890.175173
2017-10-28,24.95025695,5764.27
2017-10-29,25.06035209,5739.353301
2017-10-30,25.22614947,6138.490766
2017-10-31,25.23782112,6123.090964
2017-11-01,25.33519716,6443.116986
2017-11-02,25.23415503,6741.585617
2017-11-03,25.63941589,7036.636955
2017-11-04,26.85519474,7170.66
2017-11-05,26.50399759,7402.852602
2017-11-06,26.12575362,7383.211826
2017-11-07,26.6120689,6961.565859
2017-11-08,26.28784375,7127.153443
2017-11-09,26.36887198,7465.937481
2017-11-10,26.3218973,7154.705514
2017-11-11,24.83949218,6578.086604
2017-11-12,23.05988628,6351.07
2017-11-13,23.01881477,5880.196368
2017-11-14,22.05186292,6536.501331
2017-11-15,22.01808245,6605.953276
2017-11-16,21.74114247,7294
2017-11-17,22.81035599,7839.71199
2017-11-18,24.23124924,7680.417343
2017-11-19,26.26108498,7777.204129
2017-11-20,27.14913718,8035.057864
2017-11-21,28.29093942,8242.038537
2017-11-22,28.18944838,8098.425986
2017-11-23,28.31630283,8242.051059
2017-11-24,27.85115739,8029.540766
2017-11-25,28.30806907,8214.487304
2017-11-26,28.08088327,8793.791479
2017-11-27,27.89896255,9329.889895
2017-11-28,27.41705781,9763.641133
2017-11-29,27.99532853,9944.485737
2017-11-30,28.19498119,9844.372532
2017-12-01,29.00679728,9923.515477
2017-12-02,28.87038097,10858.83848
2017-12-03,29.16047862,10925.12503
2017-12-04,29.14183009,11269.58527
2017-12-05,29.40361361,11621.23437
2017-12-06,29.69436938,11680.59929
2017-12-07,29.71627867,13624.27868
2017-12-08,29.44807167,16736.81069
2017-12-09,30.49056951,16324.79806
2017-12-10,30.90507094,15221.7508
2017-12-11,31.39611293,15326
2017-12-12,31.54244253,16821.90468
2017-12-13,32.06391884,17604.68964
2017-12-14,32.97684344,16601.09159
2017-12-15,33.33649313,16646.359
2017-12-16,33.25351589,17722.89856
2017-12-17,33.83446155,19363.19412
2017-12-18,34.56572476,18995.48988
2017-12-19,34.81014382,18942.06626
2017-12-20,34.09430766,17685.87911
2017-12-21,33.27586937,16478.76175
2017-12-22,33.64919701,15656.07011
2017-12-23,33.4460217,14090.88809
2017-12-24,33.27901775,14619
2017-12-25,32.21430635,14146.11359
2017-12-26,32.27944279,13916.75108
2017-12-27,32.93091211,15777.09583
2017-12-28,33.4846418,15379.32951
2017-12-29,33.81039395,14446.49232
2017-12-30,34.07097469,14544.52457
2017-12-31,34.42929506,12650.0165
2018-01-01,35.25259585,13880
2018-01-02,35.38696746,13406.56
2018-01-03,34.67564908,14762.1514
2018-01-04,34.49850233,15143.01
2018-01-05,33.10434104,15144.70514
2018-01-06,32.99236571,16951.83558
2018-01-07,32.19221123,17130.47505
2018-01-08,31.59214716,16171.29597
2018-01-09,31.39732917,14993.74
2018-01-10,31.64784672,14415.65152
2018-01-11,32.34372879,14883.32574
2018-01-12,33.31793469,13311.83
2018-01-13,33.24669377,13814.46662
2018-01-14,33.71473245,14197.95539
2018-01-15,33.91085521,13650.77377
2018-01-16,34.45167156,13576.82903
2018-01-17,35.19368481,11391.31216
2018-01-18,35.37684677,11176.87
2018-01-19,35.72064151,11296.60886
2018-01-20,36.83150126,11545.51399
2018-01-21,37.85905812,12770.02794
2018-01-22,38.40494861,11511.24655
2018-01-23,38.98293666,10777.42866
2018-01-24,39.27195968,10845.48186
2018-01-25,39.3473469,11392.93442
2018-01-26,39.86456125,11146.75704
2018-01-27,40.03931464,11098.89283
2018-01-28,39.96259364,11428.12746
2018-01-29,40.15294638,11687.91457
2018-01-30,40.73502274,11156.43005
2018-01-31,39.47324357,9983.900768
2018-02-01,39.84574344,10102.08287
2018-02-02,39.88436697,9010.210912
2018-02-03,39.49951623,8810.23804
2018-02-04,39.77407382,9225.86
2018-02-05,40.66772362,8191.321445
2018-02-06,40.35494372,6901.380797
2018-02-07,41.39111226,7702.859319
2018-02-08,40.42914678,7574.66
2018-02-09,39.77005436,8247.357331
2018-02-10,38.62080545,8697.090747
2018-02-11,37.01834515,8547.49
2018-02-12,35.62892864,8075.85073
2018-02-13,34.67216848,8877.655367
2018-02-14,34.69938155,8517.970231
2018-02-15,33.64911359,9490.720299
2018-02-16,33.23699713,10031.23
2018-02-17,33.41978456,10183.7871
2018-02-18,33.75489485,11107.00013
2018-02-19,33.63303657,10380.3137
2018-02-20,33.07861973,11145.48402
2018-02-21,33.01165737,11231.89412
2018-02-22,33.76958351,10454.57009
2018-02-23,33.70355917,9830.052879
2018-02-24,33.78563657,10158.12175
2018-02-25,34.30031515,9689.099311
2018-02-26,33.85886666,9587.23521
2018-02-27,34.51646651,10299.83524
2018-02-28,34.07028525,10552.23522
2018-03-01,34.58020974,10308.76456
2018-03-02,35.05850693,10899.42593
2018-03-03,36.43167342,11022.34734
2018-03-04,35.91051925,11436.24979
2018-03-05,36.76769651,11469.61213
2018-03-06,37.35279061,11417.39
2018-03-07,38.13368695,10710.95423
2018-03-08,38.77808704,9903.169715
2018-03-09,38.90294619,9293.521291
2018-03-10,38.00993042,9252.754183
2018-03-11,38.65630204,8791.47
2018-03-12,39.1719781,9532.172092
2018-03-13,39.24486644,9112.436276
2018-03-14,38.77115909,9149.626682
2018-03-15,38.11525317,8205.017694
2018-03-16,38.4796503,8261.847228
2018-03-17,38.80760325,8275
2018-03-18,38.89655286,7879.191714
2018-03-19,38.9730277,8197.220466
2018-03-20,38.08520233,8595.824695
2018-03-21,38.66610365,8902.256878
2018-03-22,38.90192147,8899.509257
2018-03-23,38.31705495,8711.271042
2018-03-24,38.86913063,8915.789665
2018-03-25,38.38130005,8531.34
2018-03-26,38.18958947,8447.770939
2018-03-27,39.14816464,8142.19
2018-03-28,38.49633531,7793.051625
2018-03-29,38.84141881,7933.813283
2018-03-30,39.0594064,7079.99
2018-03-31,37.27947849,6848.139463
2018-04-01,37.47184222,6927.728197
2018-04-02,36.71527396,6815.697789
2018-04-03,36.10615033,7046.429366
2018-04-04,35.63657401,7423.769307
2018-04-05,34.80333044,6793.774277
2018-04-06,33.90426142,6779.343198
2018-04-07,35.46600505,6619.19
2018-04-08,35.25232324,6894.930827
2018-04-09,34.96416116,7022.677389
2018-04-10,34.9961914,6775.957991
2018-04-11,35.44444964,6826.017224
2018-04-12,35.38040751,6941.683907
2018-04-13,36.2449121,7917.796086
2018-04-14,35.23931669,7881.307407
2018-04-15,35.7912788,8001.43687
2018-04-16,36.02123243,8355.123692
2018-04-17,36.44213839,8049.75
2018-04-18,36.88907579,7892.1
2018-04-19,38.1903547,8161.446136
2018-04-20,37.70393902,8273.164653
2018-04-21,38.51311531,8865.467145
2018-04-22,38.40809062,8917.926372
2018-04-23,38.82824443,8794.840383
2018-04-24,38.72320139,8934.736707
2018-04-25,37.42775617,9649.005549
2018-04-26,36.13231095,8864.452339
2018-04-27,36.45068712,9280
2018-04-28,35.57862443,8921.54644
2018-04-29,35.77188821,9346.45447
2018-04-30,36.10020733,9389.69
2018-05-01,36.32849158,9241.367911
2018-05-02,36.84709205,9070.332144
2018-05-03,37.11459925,9220.130009
2018-05-04,36.75573172,9730.56991
2018-05-05,37.60973173,9691.780288
2018-05-06,36.53623114,9804.297867
2018-05-07,36.02078989,9600
2018-05-08,35.01620585,9361.614965
2018-05-09,35.70549194,9178.292435
2018-05-10,35.80888399,9304.027178
2018-05-11,35.56129812,9012.613281
2018-05-12,35.87138809,8399.74
2018-05-13,36.40498279,8466.944483
2018-05-14,35.92241185,8688.888029
2018-05-15,36.31607045,8674.606343
2018-05-16,37.15775553,8474.775165
2018-05-17,36.53731703,8342.784851
2018-05-18,37.28403932,8062.433181
2018-05-19,36.89344904,8242.034292
2018-05-20,36.75140994,8241.15
2018-05-21,37.63913706,8519.419816
2018-05-22,37.81668594,8397.837734
2018-05-23,37.21303701,7985.357822
2018-05-24,37.7028478,7502.969691
2018-05-25,38.94301806,7584.462499
2018-05-26,39.45344521,7463.81641
2018-05-27,40.39278217,7335.99
2018-05-28,40.57524381,7346.64
2018-05-29,40.34336153,7108.637964
2018-05-30,41.01260011,7460
2018-05-31,42.10966253,7378.288276
2018-06-01,41.7406022,7487.363738
2018-06-02,41.37154188,7516.065054
2018-06-03,41.33463585,7637.827337
2018-06-04,42.33109873,7707.476544
2018-06-05,43.84979662,7490.74
2018-06-06,43.65164863,7613.824074
2018-06-07,43.43176383,7655.21824
2018-06-08,43.44417502,7686.557641
2018-06-09,43.88859881,7618.11
2018-06-10,43.24968143,7495.885219
2018-06-11,42.42301043,6765.096481
2018-06-12,41.9131866,6880.15
2018-06-13,41.74382566,6553.106353
2018-06-14,42.16720216,6303.972508
2018-06-15,42.5059068,6640.780498
2018-06-16,43.47965032,6391.056146
2018-06-17,44.74974531,6488.11
2018-06-18,45.76582476,6448.545828
2018-06-19,46.30641798,6709.964404
2018-06-20,46.99615225,6741.171615
2018-06-21,47.91514866,6757.527055
2018-06-22,48.00747408,6719.01
2018-06-23,47.9410053,6059.662975
2018-06-24,48.7341661,6177.21
2018-06-25,48.62184489,6150.979112
2018-06-26,48.29474126,6246.482688
2018-06-27,46.81544887,6074.94
2018-06-28,46.24982643,6133.816145
2018-06-29,46.24982643,5853.423402
2018-06-30,45.42315543,6202.50605
2018-07-01,44.37894397,6385.71
2018-07-02,43.60916893,6348.52
2018-07-03,42.41711088,6610.99
2018-07-04,43.11349006,6502.566954
2018-07-05,42.37701638,6584.71802
2018-07-06,42.92474071,6532.95
2018-07-07,43.72962779,6599.399296
2018-07-08,44.36240845,6755.123658
2018-07-09,44.35123013,6703.506864
2018-07-10,45.81922643,6659.95
2018-07-11,45.86370611,6303.642911
2018-07-12,46.04164152,6380.517065
2018-07-13,45.28540353,6244.248233
2018-07-14,44.26225409,6216.371825
2018-07-15,42.86207786,6246.191146
2018-07-16,41.89040916,6349.3
2018-07-17,42.11122258,6728.264562
2018-07-18,43.57915214,7314.775934
2018-07-19,44.65131933,7376.209545
2018-07-20,44.90434965,7470.868106
2018-07-21,44.87206601,7332.107938
2018-07-22,47.06061371,7408.248919
2018-07-23,49.11210758,7398.299716
2018-07-24,49.09217014,7717.666749
2018-07-25,49.22102106,8403.83
2018-07-26,48.96331921,8159.365684
2018-07-27,49.52166767,7930.914507
2018-07-28,49.8652757,8181.26
2018-07-29,49.96995144,8227.608883
2018-07-30,49.45214523,8216.34
2018-07-31,49.87643733,8165.974378
2018-08-01,49.67564478,7727.18
2018-08-02,49.9608296,7604.760194
2018-08-03,50.78649812,7537.347346
2018-08-04,53.03889968,7414.08
2018-08-05,52.82653875,7004.636173
2018-08-06,52.52655507,7031.367304
2018-08-07,52.54878327,6936.688947
2018-08-08,52.71208966,6718.136633
2018-08-09,52.51935694,6281.532861
2018-08-10,53.00118874,6539.292912
2018-08-11,52.67141236,6145.30363
2018-08-12,52.60704137,6234.13
2018-08-13,53.69336113,6313.781753
2018-08-14,53.12551239,6253.192419
2018-08-15,53.50161569,6193.62
2018-08-16,54.11521022,6272.288183
2018-08-17,53.13193413,6313.51
2018-08-18,52.87300644,6582.317285
2018-08-19,52.37977979,6396.714782
2018-08-20,52.37977979,6489.272882
2018-08-21,52.97164556,6257.620518
2018-08-22,52.92231047,6475.9
2018-08-23,52.47841891,6354.59
2018-08-24,52.32595686,6526.36
2018-08-25,51.445053,6690.88
2018-08-26,53.27733056,6737.091801
2018-08-27,55.48616669,6708.7892
2018-08-28,56.13187091,6907.72114
2018-08-29,55.45869619,7072.252318
2018-08-30,56.10700926,7035.053814
2018-08-31,56.8117541,6983.160591
2018-09-01,57.64263961,7016.098903
2018-09-02,55.7511656,7191.08
2018-09-03,53.2365197,7294.270231
2018-09-04,51.49707554,7260.458425
2018-09-05,50.78018317,7359.827759
2018-09-06,50.17088826,6681.01919
2018-09-07,49.89034699,6493.545638
2018-09-08,49.75750236,6395.01
2018-09-09,51.04175014,6185.354031
2018-09-10,50.8870442,6235.831929
2018-09-11,51.92725898,6300.881406
2018-09-12,54.05950266,6279.5
2018-09-13,54.27737822,6324.399963
2018-09-14,53.29232088,6485.7
2018-09-15,52.77842146,6478.04
2018-09-16,51.54504519,6521.408362
2018-09-17,51.54504519,6497.98
2018-09-18,51.59643218,6252.045772
2018-09-19,50.97974405,6335.7
2018-09-20,51.30665312,6386.94
2018-09-21,52.06401113,6492.98
2018-09-22,52.98629651,6750.373222
2018-09-23,53.69812939,6709.657231
2018-09-24,54.51080685,6700.167502
2018-09-25,56.06346294,6581.52
2018-09-26,55.32560518,6429.789184
2018-09-27,54.88144421,6457.181191
2018-09-28,55.40512321,6680.722777
2018-09-29,55.24801656,6619.913315
2018-09-30,55.92880221,6582.242888
2018-10-01,56.45248121,6598.798737
2018-10-02,54.30184097,6573.233437
2018-10-03,54.11345395,6500.68
2018-10-04,54.18746657,6463.910721
2018-10-05,52.74875024,6547.45
2018-10-06,51.15992953,6590.227439
2018-10-07,49.8615219,6550.465384
2018-10-08,48.46816239,6571.275353
2018-10-09,48.3945678,6605.747219
2018-10-10,48.64331228,6589.48
2018-10-11,49.18471592,6523.284643
2018-10-12,49.28665632,6154.69
2018-10-13,50.102152,6187.92505
2018-10-14,48.67502768,6196.456837
2018-10-15,50.05118181,6183.638558
2018-10-16,50.30601905,6439.049438
2018-10-17,50.00021161,6457.401039
2018-10-18,48.89451862,6442.567278
2018-10-19,49.14001728,6394.95
2018-10-20,48.97591139,6384.333295
2018-10-21,49.94241971,6413.960328
2018-10-22,49.29727396,6414.80825
2018-10-23,49.97918262,6408.285042
2018-10-24,48.49474776,6395.063587
2018-10-25,48.22424536,6413.564314
2018-10-26,48.27335885,6394.74335
2018-10-27,47.9296057,6404.87
2018-10-28,48.02781892,6408.492455
2018-10-29,47.58585255,6404.17197
2018-10-30,47.58585255,6265.2
2018-10-31,50.04125183,6268.361536
2018-11-01,50.87631864,6303.599954
2018-11-02,50.79683867,6343.770757
2018-11-03,51.93505597,6349.8
2018-11-04,51.03186426,6332.7449
2018-11-05,50.85361834,6421.939847
2018-11-06,49.50566959,6404.104682
2018-11-07,47.8128488,6447.06
2018-11-08,46.12480906,6501.413828
2018-11-09,45.34797286,6408.463631
2018-11-10,43.89140839,6335.617054
2018-11-11,45.00811552,6348.146138
2018-11-12,44.81389967,6360.101666
2018-11-13,44.42546798,6326.570971
2018-11-14,44.66823099,6260.91
2018-11-15,44.95954117,5599.809557
2018-11-16,44.88587074,5575.56
2018-11-17,45.04516145,5513.283966
2018-11-18,43.48697557,5504.420315
2018-11-19,42.35500143,5557.005967
2018-11-20,42.46385529,4734.06
2018-11-21,40.63041474,4354.46
2018-11-22,39.94977561,4546.596152
2018-11-23,39.370157,4261.796643
2018-11-24,39.0321341,4288.235543
2018-11-25,38.88503532,3780.94018
2018-11-26,37.92482855,3937.045839
2018-11-27,37.54261445,3724.458365
2018-11-28,37.73534693,3773.21581
2018-11-29,36.54305039,4217.213203
2018-11-30,35.1598585,4245.470551
2018-12-01,34.04830692,3975.83693
2018-12-02,33.20990931,4143.352875
2018-12-03,32.70580949,4099.8
2018-12-04,31.8220591,3833.811826
2018-12-05,31.30669946,3902.707187
2018-12-06,31.58115606,3690.412605
2018-12-07,31.30862717,3433.26
2018-12-08,30.53553594,3380.68
2018-12-09,30.32139067,3398.8
2018-12-10,30.31582157,3532
2018-12-11,29.87597093,3411.061752
2018-12-12,29.53761779,3349.534636
2018-12-13,29.40227171,3431.42
2018-12-14,30.48498005,3262.859122
2018-12-15,31.15174948,3194.234582
2018-12-16,30.65200795,3182.968714
2018-12-17,31.78673589,3193.78
2018-12-18,31.78653573,3498.500747
2018-12-19,32.21544453,3667.174003
2018-12-20,31.9139656,3683.591519
2018-12-21,31.25795662,4075.937342
2018-12-22,31.73696216,3838.988031
2018-12-23,33.37973858,3982.023102
2018-12-24,32.77695446,3945.757092
2018-12-25,33.49297379,4034.351456
2018-12-26,33.97389414,3779.99
2018-12-27,35.44671343,3809.329961
2018-12-28,36.54111543,3589.89
2018-12-29,35.54263328,3887.176188
2018-12-30,35.73684846,3725.48
2018-12-31,36.15624025,3829.012202
2019-01-01,36.59231747,3687.99
2019-01-02,36.9051246,3823.17
2019-01-03,36.72418336,3888.287877
2019-01-04,36.55875513,3785.63
2019-01-05,37.81707636,3822.288443
2019-01-06,37.08193134,3798.522747
2019-01-07,36.86804686,4040.99
2019-01-08,37.39934825,4005.45
2019-01-09,37.85415471,3993.86
2019-01-10,37.88913982,4003.125993
2019-01-11,37.85415471,3626.343368
2019-01-12,36.89674652,3634.769387
2019-01-13,36.59169469,3617.194107
2019-01-14,36.91858031,3513.835218
2019-01-15,35.67565925,3664.604374
2019-01-16,34.64304015,3582.296172
2019-01-17,33.67804354,3604.3456
2019-01-18,33.38206825,3640.65
2019-01-19,33.34184246,3607.81
2019-01-20,34.17756906,3683.649002
2019-01-21,34.13775338,3532.15228
2019-01-22,33.99215933,3532.767448
2019-01-23,34.36798801,3576.919875
2019-01-24,35.51287427,3553.084945
2019-01-25,35.35888739,3568.852593
2019-01-26,35.79289726,3561.94893
2019-01-27,35.02289558,3556.267694
2019-01-28,34.72859191,3531.501974
2019-01-29,35.14760196,3430.210848
2019-01-30,34.67124849,3396.355942
2019-01-31,34.28136234,3436.690241
2019-02-01,34.90277234,3410.098739
2019-02-02,34.63908919,3436.820844
2019-02-03,34.61764268,3466.997671
2019-02-04,34.66880508,3415.034721
2019-02-05,34.54762478,3411.362683
2019-02-06,35.32263378,3428.562103
2019-02-07,35.78239432,3367.295834
2019-02-08,35.77977727,3359
2019-02-09,35.82472092,3621.776933
2019-02-10,35.81440604,3624.171725
2019-02-11,35.79570036,3648.264867
2019-02-12,35.49144094,3590.275262
2019-02-13,35.51189717,3588.09506
2019-02-14,34.78081661,3577.408928
2019-02-15,33.91643711,3561.257518
2019-02-16,34.12532233,3566.168197
2019-02-17,35.07514897,3581.133166
2019-02-18,35.5874992,3625.105607
2019-02-19,36.57572534,3868.306128
2019-02-20,35.76397903,3891.80336
2019-02-21,34.98751228,3941.50573
2019-02-22,36.31293255,3897.587953
2019-02-23,36.31035219,3942.68607
2019-02-24,35.6125091,4110.104473
2019-02-25,35.2772825,3733.574906
2019-02-26,35.55316513,3818.75
2019-02-27,36.02846477,3798.218188
2019-02-28,37.21520389,3799.1
2019-03-01,37.22510276,3792.215772
2019-03-02,36.78983319,3806.125667
2019-03-03,37.06483452,3809.945752
2019-03-04,36.79852431,3786.354916
2019-03-05,36.31229383,3700.476054
2019-03-06,35.79793779,3845.286998
2019-03-07,35.45794569,3851.53
2019-03-08,34.82917607,3855.889006
2019-03-09,35.04241619,3842.328261
2019-03-10,34.68643118,3917.859274
2019-03-11,34.86167429,3900.548879
2019-03-12,34.64596148,3849.372584
2019-03-13,34.8924063,3859.936147
2019-03-14,35.35174977,3851.424362
2019-03-15,35.59788845,3854.788011
2019-03-16,36.48357085,3901.862799
2019-03-17,36.83703607,3989.844878
2019-03-18,37.60657871,3965.895149
2019-03-19,38.81002843,3969.920763
2019-03-20,39.82822953,3999.878579
2019-03-21,39.48597662,4033.034766
2019-03-22,39.86476351,3974.110358
2019-03-23,39.31055171,3983.471436
2019-03-24,39.81779946,3982.847899
2019-03-25,39.62167937,3969.787377
2019-03-26,38.42473042,3908.080258
2019-03-27,38.26656559,3920.71329
2019-03-28,38.64452616,4026.393909
2019-03-29,38.41045082,4012.428128
2019-03-30,38.45048876,4089.944098
2019-03-31,38.03295706,4094.014305
2019-04-01,37.57747011,4094.948496
2019-04-02,38.14434056,4137.462403
2019-04-03,37.60174388,4902.08657
2019-04-04,37.10100225,4973.955602
2019-04-05,37.31482662,4904.067009
2019-04-06,37.2275151,5037.73002
2019-04-07,37.22554742,5039.662341
2019-04-08,37.59929157,5193.474186
2019-04-09,36.98048406,5289.002225
2019-04-10,37.51199932,5193.5
2019-04-11,38.5788651,5319.910334
2019-04-12,38.77407764,5041.773828
2019-04-13,38.9395233,5078.675255
2019-04-14,38.50403762,5067.616184
2019-04-15,38.71889862,5161.028846
2019-04-16,39.43535134,5035.509901
2019-04-17,39.26398414,5205.065673
2019-04-18,39.065531,5227.756643
2019-04-19,39.10519157,5281.483653
2019-04-20,38.94654927,5288.910563
2019-04-21,40.4962445,5320.665655
2019-04-22,40.02674464,5298.232137
2019-04-23,38.84782213,5386.724806
2019-04-24,39.79888976,5533.182169
2019-04-25,39.52545891,5443.14
2019-04-26,39.44833419,5134.808307
2019-04-27,39.65230287,5153.65957
2019-04-28,39.68824449,5168.566405
2019-04-29,40.83120041,5156.400477
2019-04-30,41.77708895,5147.75
2019-05-01,42.09238929,5268.802191
2019-05-02,43.56542906,5324.154952
2019-05-03,43.48683728,5389.474386
2019-05-04,43.35927927,5657.335597
2019-05-05,42.19300272,5771.157711
2019-05-06,41.92343289,5715.998559
2019-05-07,41.58213203,5684.9841
2019-05-08,41.03801292,5746.113005
2019-05-09,40.04288464,5940.993917
2019-05-10,39.2651157,6148.723385
2019-05-11,39.29188343,6343.039231
2019-05-12,40.47389647,7225.365309
2019-05-13,41.12603569,6979.948663
2019-05-14,42.14500781,7815.10872
2019-05-15,42.02273017,7991.811739
2019-05-16,41.85968925,8204.663109
2019-05-17,42.91943689,7881.833365
2019-05-18,43.85847284,7360.082599
2019-05-19,44.06471159,7268.582291
2019-05-20,43.8225664,8196.257237
2019-05-21,43.86561742,8002.904127
2019-05-22,44.60179117,7952.816042
2019-05-23,45.34707068,7622.1
2019-05-24,45.6766366,7878.43
2019-05-25,45.37217105,8001.827745
2019-05-26,45.7187617,8068.772709
2019-05-27,46.23166714,8739.930926
2019-05-28,46.9436189,8775.525347
2019-05-29,47.50853162,8718.05221
2019-05-30,47.66010437,8662.269249
2019-05-31,46.69282356,8273.454843
2019-06-01,47.87968139,8554.933365
2019-06-02,47.01984934,8557.340632
2019-06-03,45.51345353,8737.841131
2019-06-04,45.77277722,8112.669243
2019-06-05,45.88918854,7671.14054
2019-06-06,46.39167117,7788.343583
2019-06-07,48.27173025,7801.88687
2019-06-08,46.95682929,8004.398769
2019-06-09,47.70588333,7931.121797
2019-06-10,49.20906442,7642.9414
2019-06-11,48.44284226,8019.495045
2019-06-12,46.8550103,7915.7
2019-06-13,46.30880024,8174.519524
2019-06-14,46.47612567,8235.841458
2019-06-15,47.20522739,8697.8694
2019-06-16,46.14146091,8858.125069
2019-06-17,45.0196381,8982.143519
2019-06-18,45.8713155,9331.687667
2019-06-19,47.89028549,9080.021622
2019-06-20,47.53113256,9280.784754
2019-06-21,46.15142811,9533.197807
2019-06-22,46.17371605,10228.57059
2019-06-23,48.77212737,10668.42643
2019-06-24,51.0502638,10826.15418
2019-06-25,50.54420659,11026.12064
2019-06-26,50.29508323,11757.631
2019-06-27,50.87867277,12929.5036
2019-06-28,52.81108095,11139.38989
2019-06-29,54.91925441,12368.58451
2019-06-30,54.0718516,11870.72116
2019-07-01,52.96227798,10752.60995
2019-07-02,53.9138421,10570.77745
2019-07-03,54.66777763,10830.82698
2019-07-04,55.82098137,11977.12095
2019-07-05,56.96338491,11150
2019-07-06,57.01910687,10987.352
2019-07-07,56.94558641,11231.35707
2019-07-08,58.54503059,11479.25415
2019-07-09,59.00458289,12304.35008
2019-07-10,57.79754235,12574.75307
2019-07-11,56.83546224,12097.50827
2019-07-12,56.75434285,11350.10796
2019-07-13,55.9249279,11804.69291
2019-07-14,56.54417273,11381.51772
2019-07-15,55.994583,10195.49369
2019-07-16,56.86072588,10856.6023
2019-07-17,57.08458358,9415.753085
2019-07-18,56.63685575,9706.7832
2019-07-19,54.06246112,10644.85254
2019-07-20,56.07721771,10534.86526
2019-07-21,56.30107541,10759.30979
2019-07-22,56.97266094,10588.58443
2019-07-23,55.58574638,10323.21072
2019-07-24,55.59246198,9842.867693
2019-07-25,56.86034471,9771.864
2019-07-26,59.15367782,9875.726288
2019-07-27,57.39469208,9848.306808
2019-07-28,58.43548686,9471.352936
2019-07-29,58.59741911,9531.26966
2019-07-30,58.52884252,9502.682113
2019-07-31,60.24397488,9588.658645
2019-08-01,59.81518282,10090.1543
2019-08-02,59.8470639,10405.91574
2019-08-03,60.8406669,10532.66603
2019-08-04,60.28450378,10819.20998
2019-08-05,59.59859662,10980.72306
2019-08-06,61.41103513,11796.75
2019-08-07,61.20089052,11467.42987
2019-08-08,61.90126127,11963.90672
2019-08-09,61.57604003,11996.06764
2019-08-10,61.27358816,11859.47175
2019-08-11,61.40521663,11285.38426
2019-08-12,60.87116799,11538.25
2019-08-13,60.63704784,11384.2
2019-08-14,60.57851486,10856.53254
2019-08-15,61.45646247,10018.30322
2019-08-16,61.45646247,10300.29759
2019-08-17,60.11027456,10358.0893
2019-08-18,58.55899717,10213.24247
2019-08-19,60.50420485,10320.1626
2019-08-20,60.44778255,10919.85
2019-08-21,59.66926083,10752.21479
2019-08-22,58.89654053,10127.52841
2019-08-23,59.42542449,10113.61605
2019-08-24,61.48420786,10408.50522
2019-08-25,63.3325602,10142.61981
2019-08-26,61.78058711,10141.6738
2019-08-27,60.70613422,10361.60827
2019-08-28,61.60149787,10172.62445
2019-08-29,63.03409386,9718.249401
2019-08-30,63.45192551,9484.267811
2019-08-31,63.81008041,9578.87776
2019-09-01,63.53188365,9601.843677
2019-09-02,64.43453885,9767.628
2019-09-03,66.37070475,10387.4391
2019-09-04,65.64542928,10625.55861
2019-09-05,65.85178878,10583.69429
2019-09-06,65.93002597,10576.58546
2019-09-07,65.16256375,10317.68029
2019-09-08,66.975352,10487.78147
2019-09-09,66.79251853,10406.84733
2019-09-10,67.88948518,10314.40576
2019-09-11,70.81470679,10099.57728
2019-09-12,70.38811814,10159.56118
2019-09-13,70.09042907,10420.84263
2019-09-14,71.37604479,10362.14642
2019-09-15,70.47804967,10361.18922
2019-09-16,72.54559854,10307.73001
2019-09-17,71.4101646,10265.33329
2019-09-18,71.90192004,10187.57239
2019-09-19,72.22909691,10156.22687
2019-09-20,73.05577959,10275.72274
2019-09-21,73.79576289,10171.32432
2019-09-22,75.07391278,9977.813386
2019-09-23,71.77766385,10030.0094
2019-09-24,72.38310267,9685.724547
2019-09-25,71.17220227,8533.920241
2019-09-26,72.86698255,8434.54325
2019-09-27,72.2379626,8058.424126
2019-09-28,72.54899003,8193.471131
2019-09-29,71.02443978,8218.941346
2019-09-30,72.40449295,8054.403298
2019-10-01,71.79680662,8303.758095
2019-10-02,71.42135498,8322.83896
2019-10-03,69.82091906,8381.225192
2019-10-04,70.34246666,8238.230064
2019-10-05,69.4910117,8155.659455
2019-10-06,69.70415197,8147.448583
2019-10-07,70.90762396,7861.900128
2019-10-08,71.66925426,8209.445408
2019-10-09,70.67842338,8187.882382
2019-10-10,71.44638634,8590.434991
2019-10-11,71.91527376,8585.761518
2019-10-12,70.25715903,8268.655706
2019-10-13,69.97690607,8308.049544
2019-10-14,68.82775945,8282.699983
2019-10-15,68.4293362,8354.836133
2019-10-16,68.79545914,8162.119321
2019-10-17,67.93590705,7999.400865
2019-10-18,68.03937418,8075.419314
2019-10-19,68.49865757,7954.804671
2019-10-20,68.61662475,7961.427785
2019-10-21,70.0697039,8231.86347
2019-10-22,70.97289608,8220
2019-10-23,72.70242903,8025.096057
2019-10-24,72.03766396,7474.85
2019-10-25,71.05835062,7431.554336
2019-10-26,71.4138756,8668.187942
2019-10-27,69.75683988,9258.417078
2019-10-28,68.56443949,9549.454863
2019-10-29,66.63827793,9218.625751
2019-10-30,64.77860726,9431.613866
2019-10-31,64.70871791,9166.19765
2019-11-01,64.2918967,9153.75255
2019-11-02,63.90180423,9252.298332
2019-11-03,65.53909678,9305.687816
2019-11-04,65.42807479,9206.52
2019-11-05,66.22810446,9415.514226
2019-11-06,66.11708247,9315.434948
2019-11-07,66.47314285,9342.646522
2019-11-08,65.72111145,9203.975226
2019-11-09,65.86190965,8765.032321
2019-11-10,67.17886228,8808.81812
2019-11-11,67.92332723,9035.201721
2019-11-12,66.76729264,8719.061458
2019-11-13,66.45243063,8808.5
2019-11-14,68.06128915,8760.63327
2019-11-15,70.04752068,8633.820893
2019-11-16,70.31235504,8457.391696
2019-11-17,69.51789384,8482.306161
2019-11-18,68.7896072,8503.196483
2019-11-19,69.42479723,8175.452526
2019-11-20,69.73436541,8121.288679
2019-11-21,67.52692039,8082.04168
2019-11-22,65.8336087,7616.35458
2019-11-23,67.525588,7285.157042
2019-11-24,65.89790847,7323.710494
2019-11-25,64.804695,6911.891503
2019-11-26,63.21111259,7128.832327
2019-11-27,62.92229674,7162.320595
2019-11-28,64.44628038,7524.61101
2019-11-29,64.44421133,7431.467493
2019-11-30,60.83942819,7757.10944
2019-12-01,60.97067924,7557.218187
2019-12-02,61.68321625,7406.03007
2019-12-03,63.38889633,7308.536303
2019-12-04,64.66711234,7297.911636
2019-12-05,63.03578793,7193.921351
2019-12-06,63.09271132,7393.96861
2019-12-07,64.63757456,7546.394517
2019-12-08,64.94291752,7504.484296
2019-12-09,65.059413,7521.978496
2019-12-10,64.37898468,7339.313974
2019-12-11,62.17337415,7220.694258
2019-12-12,61.39132595,7200.56446
2019-12-13,61.81723406,7189.081378
2019-12-14,61.57386343,7250.46117
2019-12-15,60.11361111,7068.467473
2019-12-16,60.66115701,7112.004995
2019-12-17,60.2352489,6878.790545
2019-12-18,60.35693422,6614.99036
2019-12-19,61.83073142,7284.791811
2019-12-20,62.12701739,7150.061923
2019-12-21,63.70774786,7189.75
2019-12-22,66.36550722,7142.739177
2019-12-23,65.44584226,7512.450363
2019-12-24,64.41299162,7323.102237
2019-12-25,63.98715258,7253.663992
2019-12-26,64.50272312,7192.1
2019-12-27,63.71167999,7194.732394
2019-12-28,61.93850945,7244.135023
2019-12-29,61.21945517,7301.227489
2019-12-30,62.74307928,7386.617271
2019-12-31,64.06846135,7218.704277
2020-01-01,67.07544157,7167.521408
2020-01-02,66.0647603,7175.496997
2020-01-03,68.18348355,6945.446804
2020-01-04,69.99639419,7327.5
2020-01-05,70.99924919,7349.38318
2020-01-06,69.52778025,7352.827777
2020-01-07,71.97886081,7761.758455
2020-01-08,70.3799016,8164.04696
2020-01-09,71.40924656,8042.761
2020-01-10,70.25180422,7817.277549
2020-01-11,70.0714825,8191.27947
2020-01-12,69.43048021,8020.884602
2020-01-13,70.06916229,8177
2020-01-14,68.23752482,8104.118982
2020-01-15,69.64495465,8835.75
2020-01-16,70.64590207,8813.009213
2020-01-17,72.03232765,8719.913077
2020-01-18,70.62089394,8898.584699
2020-01-19,71.24861604,8909.839856
2020-01-20,72.53755649,8701.63353
2020-01-21,73.72891677,8627.965302
2020-01-22,74.07804204,8724.5
2020-01-23,74.07804204,8658.433024
2020-01-24,73.58938072,8389.910675
2020-01-25,75.82358283,8427.980524
2020-01-26,75.33482647,8329.870923
2020-01-27,73.72895479,8590.794177
2020-01-28,73.26405642,8895.009923
2020-01-29,74.0647728,9389.032646
2020-01-30,74.36380577,9282.484305
2020-01-31,74.27455213,9504.015267
2020-02-01,73.85898565,9332.172634
2020-02-02,74.32502464,9379.339288
2020-02-03,76.13392697,9323.674357
2020-02-04,75.56285574,9285.082337
2020-02-05,75.83305455,9162.402845
2020-02-06,74.58982326,9613.82
2020-02-07,74.52455754,9758.98702
2020-02-08,73.94781806,9811.325616
2020-02-09,75.17825517,9905.769896
2020-02-10,73.67665403,10165.74868
2020-02-11,75.37143859,9854.882377
2020-02-12,74.30607389,10273.99022
2020-02-13,74.96966493,10353.10709
2020-02-14,74.87178567,10240.28135
2020-02-15,75.31111772,10370.4004
2020-02-16,74.52784178,9904.899943
2020-02-17,77.26240625,9928.943974
2020-02-18,77.60962281,9700.379368
2020-02-19,77.69925927,10184.9266
2020-02-20,76.69687147,9602.917052
2020-02-21,78.33672493,9609.777181
2020-02-22,78.97183375,9693.130859
2020-02-23,79.13940923,9669.317787
2020-02-24,77.91146929,9975.75
2020-02-25,77.24589793,9661.415557
2020-02-26,76.65569174,9305.530854
2020-02-27,78.07513822,8784.725339
2020-02-28,77.97865542,8810
2020-02-29,76.91820855,8708.89
2020-03-01,79.18819195,8527.474663
2020-03-02,79.59303739,8533.393425
2020-03-03,79.76623716,8913.720954
2020-03-04,81.58989048,8755.815029
2020-03-05,82.28000954,8758.025799
2020-03-06,81.71884525,9067.053657
2020-03-07,82.73555813,9154.738885
2020-03-08,80.96256395,8899.874251
2020-03-09,81.15684439,8035.786058
2020-03-10,80.1476961,7933.318643
2020-03-11,77.11085433,7887.398815
2020-03-12,76.8361746,7937.58778
2020-03-13,74.78353516,4861.322064
2020-03-14,72.80750999,5627.448568
2020-03-15,69.75538486,5165.982928
2020-03-16,66.84545724,5345.35
2020-03-17,65.25063997,5031.989173
2020-03-18,62.80795669,5337
2020-03-19,58.3676433,5411.016579
2020-03-20,56.16877358,6187.724951
2020-03-21,54.52242637,6208.812936
2020-03-22,53.96824282,6189.559006
2020-03-23,52.38923498,5824.344986
2020-03-24,51.96564091,6500.695009
2020-03-25,50.84832685,6767.184273
2020-03-26,52.149561,6695.509919
2020-03-27,53.21949801,6762.16634
2020-03-28,52.64105949,6371.465603
2020-03-29,52.83712523,6255.524409
2020-03-30,54.13914801,5876.86
2020-03-31,54.97915417,6403.2
2020-04-01,58.02399757,6422.559289
2020-04-02,58.27053346,6660.167515
2020-04-03,57.7545703,6805.75
2020-04-04,59.6654328,6740.52706
2020-04-05,61.8884268,6875.623366
2020-04-06,61.24396148,6779.254268
2020-04-07,62.19524268,7345.516406
2020-04-08,62.37838937,7201.158682
2020-04-09,63.27434309,7367.354
2020-04-10,65.85033088,7294.1
2020-04-11,66.62153394,6873.399096
2020-04-12,65.8406205,6887.687746
2020-04-13,68.974715,6905.482576
2020-04-14,69.549385,6860.636511
2020-04-15,71.2948251,6874.5
2020-04-16,71.2948251,6623.634454
2020-04-17,69.03747952,7113.133074
2020-04-18,68.97481786,7035.420759
2020-04-19,68.9121562,7259
2020-04-20,68.285111,7129.256549
2020-04-21,67.69775438,6841.926853
2020-04-22,66.00906122,6853.953299
2020-04-23,66.00897549,7136
2020-04-24,67.83789019,7484.58
2020-04-25,67.17895698,7507.604816
2020-04-26,66.96422721,7547.61
2020-04-27,66.45727638,7703.953785
2020-04-28,66.98274283,7790.964574
2020-04-29,67.93484004,7764.298622
2020-04-30,67.4588343,8786.877871
2020-05-01,67.50700969,8635.623307
2020-05-02,68.51986928,8826.1956
2020-05-03,70.85138776,8982.816489
2020-05-04,72.21751188,8905.564403
2020-05-05,73.21295919,8886.3
2020-05-06,74.544217,9033.224783
2020-05-07,76.04678239,9156.000809
2020-05-08,76.29735267,10000
2020-05-09,76.05352414,9812.229698
2020-05-10,76.9274594,9542.272596
2020-05-11,77.53711546,8734
2020-05-12,76.82320974,8572.4
2020-05-13,74.27967268,8822.42
2020-05-14,71.88148734,9316.016406
2020-05-15,70.53633608,9791.834256
2020-05-16,69.22535446,9308.92965
2020-05-17,63.56948352,9384.816315
2020-05-18,60.62138989,9671.310352
2020-05-19,57.51683946,9723.959803
2020-05-20,55.90887437,9783.135337
2020-05-21,55.43382617,9512.694286
2020-05-22,52.991831,9057.3
2020-05-23,50.87662834,9168.5
2020-05-24,50.28021137,9178.6
2020-05-25,48.25680457,8718.5
2020-05-26,47.14731742,8898.454371
2020-05-27,47.38547815,8844.055452
2020-05-28,46.48490601,9200.247907
2020-05-29,46.87914572,9577.9
2020-05-30,48.51566013,9425
2020-05-31,50.15736554,9699.862342
2020-06-01,50.63203084,9448.44
2020-06-02,50.84738617,10204.6
2020-06-03,50.84805863,9525.73
2020-06-04,51.47670986,9664.1
2020-06-05,53.28173224,9792.58834
2020-06-06,54.36479531,9619.99
2020-06-07,54.00676153,9670.623423
2020-06-08,54.63509554,9752.169349
2020-06-09,55.48042149,9782.899891
2020-06-10,56.18426521,9777.811865
2020-06-11,57.5450959,9892.567929
2020-06-12,56.97602756,9267.510124
2020-06-13,55.35601291,9460.119213
2020-06-14,56.07774288,9471.264459
2020-06-15,55.09930146,9330.4
2020-06-16,55.12012866,9427.487209
2020-06-17,54.76729931,9523.893977
2020-06-18,52.58494908,9454.874028
2020-06-19,52.45917082,9380.870252
2020-06-20,52.24913281,9299
2020-06-21,51.94639848,9356.73807
2020-06-22,53.03750456,9283.520842
2020-06-23,54.04346369,9691.680628
2020-06-24,54.00337317,9622.3
2020-06-25,54.90908412,9286.06
2020-06-26,55.96599649,9242.805252
2020-06-27,55.94508057,9155.315938
2020-06-28,56.08140827,9003.364662
2020-06-29,55.89766089,9118.01
2020-06-30,54.92218391,9184.180386
2020-07-01,55.76476402,9135.931565
2020-07-02,56.71080304,9235.438742
2020-07-03,56.36129079,9090.015161
2020-07-04,57.10375639,9065.500081
2020-07-05,57.51101619,9138.5
2020-07-06,57.85234553,9083.8
2020-07-07,58.52846649,9346.448521
2020-07-08,57.90672132,9253.988524
2020-07-09,57.8219471,9437.699097
2020-07-10,57.634254,9237.455308
2020-07-11,57.58198586,9286.942248
2020-07-12,57.00730269,9235.143666
2020-07-13,57.0495605,9299.538653
2020-07-14,56.90716288,9236.91
2020-07-15,56.94104824,9255.128114
2020-07-16,56.18871419,9191.484156
2020-07-17,54.56834803,9130.44172
2020-07-18,53.80815667,9154.163861
2020-07-19,53.31379781,9174.642023
2020-07-20,53.24431643,9213.238584
2020-07-21,52.09653632,9162.423377
2020-07-22,52.43756542,9393.385193
2020-07-23,52.43756542,9537.23
2020-07-24,54.88192591,9614.892642
2020-07-25,55.56411595,9551.22437
2020-07-26,57.09891169,9710.2
2020-07-27,57.60395836,9940.53292
2020-07-28,58.95004952,11045.5
2020-07-29,59.32185784,10933.5
2020-07-30,59.39670915,11110.77925
2020-07-31,59.17773596,11112.39206
2020-08-01,59.10462446,11351.67
2020-08-02,58.32620326,11816.05769
2020-08-03,59.30724112,11065.30579
2020-08-04,59.55331995,11237.35486
2020-08-05,58.67361323,11194.36327
2020-08-06,60.26011504,11752.29655
2020-08-07,60.58433442,11773.53363
2020-08-08,61.2337039,11604.02344
2020-08-09,62.64535052,11772.25153
2020-08-10,61.6781308,11688.53133
2020-08-11,62.5959895,11895.31016
2020-08-12,64.65210275,11391.01465
2020-08-13,64.37377731,11569.18609
2020-08-14,65.47036418,11793.26
2020-08-15,66.37951643,11774.29319
2020-08-16,66.07713416,11861.66429
2020-08-17,65.36947626,11916.27758
2020-08-18,64.50146203,12298.38
2020-08-19,63.32347952,11956.54861
2020-08-20,63.2614417,11757.4
2020-08-21,62.5174295,11864.6
2020-08-22,61.39190397,11525.16093
2020-08-23,61.81343122,11674.5
2020-08-24,63.41484112,11650.85467
2020-08-25,62.85925882,11759.94129
2020-08-26,63.31625088,11328.7689
2020-08-27,62.45214751,11464.04267
2020-08-28,63.18805395,11327.9
2020-08-29,64.02298819,11531.95454
2020-08-30,62.34994037,11476.6296
2020-08-31,62.41043207,11714.23514
2020-09-01,63.94890183,11656.43274
2020-09-02,63.97135253,11923.96
2020-09-03,63.78509505,11396.85703
2020-09-04,61.81302958,10176.24798
2020-09-05,61.29209298,10464
2020-09-06,62.43240695,10161.15896
2020-09-07,63.55928099,10255.03097
2020-09-08,63.18090057,10373.5
2020-09-09,63.07054633,10123.3
2020-09-10,64.53304891,10227.24412
2020-09-11,64.42542465,10347.06782
2020-09-12,65.86241999,10394.81424
2020-09-13,66.36491173,10446.61392
2020-09-14,66.36845453,10329.40551
2020-09-15,66.42833479,10676.62468
2020-09-16,66.78775533,10784.16208
2020-09-17,67.88645522,10950.87909
2020-09-18,69.4116406,10942.7316
2020-09-19,68.07059764,10934.33551
2020-09-20,67.70258552,11080.58888
2020-09-21,66.74138232,10919.85546
2020-09-22,65.92092581,10415.37887
2020-09-23,66.01928643,10531.53105
2020-09-24,64.5089725,10231.54861
2020-09-25,65.88453775,10740.01
2020-09-26,66.95413125,10691.17393
2020-09-27,67.66207801,10731.96099
2020-09-28,66.39102215,10776.1
2020-09-29,66.95015053,10694.16636
2020-09-30,67.52456944,10840.31957
2020-10-01,66.31264995,10776.58321
2020-10-02,63.58262301,10618.03572
2020-10-03,63.03853006,10573.5
2020-10-04,62.78918846,10549.84751
2020-10-05,63.15670235,10674.83481
2020-10-06,62.13142463,10795
2020-10-07,61.5335082,10602.75059
2020-10-08,63.73410396,10670.5
2020-10-09,64.18134762,10929.28409
2020-10-10,63.76067256,11060.5
2020-10-11,62.8059435,11301.5
2020-10-12,63.53621742,11375.65249
2020-10-13,66.2294742,11535.98
2020-10-14,66.52016235,11426.68783
2020-10-15,66.25849792,11429.0153
2020-10-16,67.41299077,11504.32489
2020-10-17,68.76810255,11324.29697
2020-10-18,67.98197554,11365.51606
2020-10-19,66.96311503,11509.2267
2020-10-20,65.87624502,11757.68987
2020-10-21,64.95072785,11922.27877
2020-10-22,64.36553689,12813
2020-10-23,63.20094819,12991.15943
2020-10-24,63.19563819,12941.59
2020-10-25,63.06786901,13126.37408
2020-10-26,62.13035263,13039.55313
2020-10-27,59.17253492,13073.4706
2020-10-28,57.37634302,13649.6
2020-10-29,55.66460731,13286.83758
2020-10-30,54.6583102,13460
2020-10-31,52.46631625,13565.78586
2020-11-01,53.61108455,13808.60922
2020-11-02,53.21262694,13765.14408
2020-11-03,55.93831575,13573
2020-11-04,59.14091848,14025.92938
2020-11-05,61.34833445,14163.30288
2020-11-06,63.79652515,15605.18129
2020-11-07,65.53599096,15600.81651
2020-11-08,65.77010307,14835.87687
2020-11-09,71.34976301,15485.69392
2020-11-10,72.08012781,15334.13606
2020-11-11,72.23437631,15318.1662
2020-11-12,73.7391264,15708.85526
2020-11-13,73.14864807,16303.00056
2020-11-14,73.24002123,16341.46078
2020-11-15,74.43057147,16085.5
2020-11-16,73.60272874,15967.41281
2020-11-17,75.3841519,16716.24574
2020-11-18,77.95568838,17680.63
2020-11-19,77.18330157,17794.82959
2020-11-20,80.23854604,17823.01077
2020-11-21,83.1598647,18680.96633
2020-11-22,85.90186556,18708.7
2020-11-23,85.28012688,18441.23236
2020-11-24,83.68260025,18392.94645
2020-11-25,82.6175825,19167.20451
2020-11-26,83.60650271,18730.79082
2020-11-27,82.54139798,17164.49538
2020-11-28,81.40028269,17142.04258
2020-11-29,79.97251881,17736.48412
2020-11-30,78.14826498,18194.21958
2020-12-01,80.39083788,19705.47248
2020-12-02,79.44870679,18788.4833
2020-12-03,81.04031956,19226.59568
2020-12-04,81.25095756,19450.81282
2020-12-05,81.46159556,18663.9841
2020-12-06,80.91595443,19157.73214
2020-12-07,83.98029385,19379.22979
2020-12-08,83.31767991,19180.07892
2020-12-09,83.98029385,18320.98677
2020-12-10,81.74415662,18549.09421
2020-12-11,81.24721791,18245.5
2020-12-12,80.25342746,18029.2024
2020-12-13,81.89087269,18808.19257
2020-12-14,81.17146824,19162.56172
2020-12-15,80.54546809,19274.02152
2020-12-16,80.5756462,19440.54075
2020-12-17,80.22124907,21379.00742
2020-12-18,81.63017218,22837.68
2020-12-19,83.6177098,23144
2020-12-20,83.06411117,23864.02135
2020-12-21,82.7989749,23480.7
2020-12-22,83.52615342,22725.21596
2020-12-23,85.12134935,23829.49747
2020-12-24,85.4578676,23245.19675
2020-12-25,85.08729938,23721.66165
2020-12-26,84.02896812,24698.80857
2020-12-27,84.69856894,26456.4879
2020-12-28,87.5022691,26251.4
2020-12-29,89.00505085,27038.06
2020-12-30,91.17799148,27371.80486
2020-12-31,95.45929095,28890.12195
2021-01-01,96.48260241,28984.9834
2021-01-02,98.29298242,29405.12346
2021-01-03,100.0873868,32216.53
2021-01-04,102.0627865,33071.5
2021-01-05,103.2504672,32042.18886
2021-01-06,104.5327482,34043.03076
2021-01-07,105.2515668,36881.17095
2021-01-08,105.6347154,39506.26984
2021-01-09,105.5800771,40652.06584
2021-01-10,107.2829162,40256.34601
2021-01-11,107.0602645,38179.5
2021-01-12,107.7142277,35481.0577
2021-01-13,106.9087884,34044.89459
2021-01-14,106.4277959,37390
2021-01-15,108.6525888,39151.6
2021-01-16,110.3032122,36764.5
2021-01-17,107.6026991,36029.17147
2021-01-18,106.6678866,35816.4
2021-01-19,106.771811,36616.95
2021-01-20,105.6292511,35926.5
2021-01-21,103.7597274,35507.80328
2021-01-22,102.3055972,30807.52954
2021-01-23,103.3470716,33014.83191
2021-01-24,104.1216885,32115.15416
2021-01-25,103.7548607,32285.63
2021-01-26,105.1765463,32262.00695
2021-01-27,105.4350899,32523.85289
2021-01-28,107.2548312,30425.14
2021-01-29,108.5629604,33447.10868
2021-01-30,106.5270564,34262.11
2021-01-31,107.0518492,34312.02233
2021-02-01,104.8478411,33138.7455
2021-02-02,103.9060301,33533.9
2021-02-03,104.6455394,35514.8091
2021-02-04,106.112937,37692
2021-02-05,107.7841995,36995.56156
2021-02-06,110.5538868,38310.5
2021-02-07,112.186367,39282.1
2021-02-08,117.0867684,38876.5
2021-02-09,116.4813957,46438.87799
2021-02-10,116.1888342,46527
2021-02-11,113.350665,44870
2021-02-12,110.9693714,48005.26156
2021-02-13,110.7791661,47432.70577
2021-02-14,109.9203207,47215.51727
2021-02-15,108.8467892,48673.34338
2021-02-16,106.4852415,47942.57
2021-02-17,106.4314782,49166.53
2021-02-18,107.7697269,52132.08677
2021-02-19,109.5099819,51600.9
2021-02-20,109.0589334,55947.90548
2021-02-21,109.0123695,55980.73288
2021-02-22,107.6376214,57492.18562
2021-02-23,108.9164534,54147.64132
2021-02-24,111.4824367,48902.98045
2021-02-25,113.8221566,49736.63768
2021-02-26,112.4546933,47078.68233
2021-02-27,113.6904557,46322.48
2021-02-28,112.5670448,46170.30165
2021-03-01,112.2300943,45245.4
2021-03-02,114.0276142,49639.27577
2021-03-03,113.2412578,48490.37424
2021-03-04,110.095728,50400
2021-03-05,111.2191389,48355.17808
2021-03-06,110.4534842,48770.26196
2021-03-07,111.9302822,48894.99945
2021-03-08,114.5176956,50963.35149
2021-03-09,113.9809051,52379.99291
2021-03-10,113.431319,54913.7
2021-03-11,113.6923282,55900
2021-03-12,113.5906917,57798.3811
2021-03-13,112.5796323,57240.13897
2021-03-14,113.7996863,61177.2
2021-03-15,113.0233167,59004.41084
2021-03-16,114.0215805,55617.8005
2021-03-17,112.5796323,56903.30166
2021-03-18,114.7979502,58930
2021-03-19,114.6451313,57648.05
2021-03-20,116.1974545,58088.13441
2021-03-21,116.4231978,58095.06759
2021-03-22,117.0817024,57386.95698
2021-03-23,118.7601089,54108.25
2021-03-24,120.8627463,54389.40983
2021-03-25,121.4169097,52293.8
2021-03-26,120.3103515,51355.2628
2021-03-27,120.87575,55074.90835
2021-03-28,121.2149891,55868.76946
2021-03-29,121.2149891,55780.246
2021-03-30,119.5188976,57611.72603
2021-03-31,120.0842961,58774.06492
2021-04-01,119.0666828,58787.55212
2021-04-02,120.4201023,58726.47
2021-04-03,118.1156482,59002.13316
2021-04-04,117.6060094,57093.16014
2021-04-05,119.1974475,58212.38333
2021-04-06,119.9183696,59103.83867
2021-04-07,120.9509631,58018.3
2021-04-08,120.5885255,55936.68447
2021-04-09,122.0441015,58070.60977
2021-04-10,125.1549896,58092.68
2021-04-11,125.0352521,59777.85018
2021-04-12,123.5994415,59967.87431
2021-04-13,123.3601745,59842.88555
2021-04-14,120.7279246,63569.81496
2021-04-15,125.3573263,62986.09
2021-04-16,119.7311171,63255.64949
2021-04-17,112.0433619,61435.1761
2021-04-18,109.8157855,60087.75474
2021-04-19,104.4152155,56273.3787
2021-04-20,103.0343324,55699.00618
2021-04-21,99.19836101,56503.2
2021-04-22,95.97449724,53812.02453
2021-04-23,99.87694324,51730
2021-04-24,106.4623014,51176.65
2021-04-25,108.5354986,50110.56138
2021-04-26,110.6085917,49106.5
2021-04-27,112.3159184,54056.26522
2021-04-28,117.315872,55072.38001
2021-04-29,114.7549861,54880.52987
2021-04-30,115.97452,53583.73484
2021-05-01,114.7508249,57798.77
2021-05-02,117.3397266,57859.18066
2021-05-03,122.3658153,56619.92789
2021-05-04,124.4050227,57201.5912
2021-05-05,123.8777024,53250
2021-05-06,127.1795527,57498.39779
2021-05-07,127.8904547,56430.20696
2021-05-08,129.718161,57383
2021-05-09,129.8251562,58953.8
2021-05-10,130.1460374,58293.1
2021-05-11,129.1836025,55886.0407
2021-05-12,130.7876954,56749.20347
2021-05-13,132.128006,49444.75
2021-05-14,131.1499133,49698.9318
2021-05-15,128.8490468,49885.33756
2021-05-16,126.113832,46708.89
2021-05-17,122.5906106,46444.75
2021-05-18,117.1936683,43561.33944
2021-05-19,115.0458311,42908.21226
2021-05-20,109.6306192,36776
2021-05-21,106.067965,40611.74101
2021-05-22,104.6906522,37344.9
2021-05-23,102.5213826,37483.95514
2021-05-24,102.6633838,34707.26705
2021-05-25,105.1567608,38780.39683
2021-05-26,104.2751036,38389.17809
2021-05-27,104.9047499,39283.9
2021-05-28,106.0382146,38503.47
2021-05-29,106.0382146,35691.48544
2021-05-30,106.3114153,34622.50845
2021-05-31,105.3654791,35673.12335
2021-06-01,104.9032327,37304.80013
2021-06-02,106.8637878,36678.71103
2021-06-03,107.470987,37576.24178
2021-06-04,106.1565362,39211.00911
2021-06-05,105.2198732,36861.78717
2021-06-06,105.615124,35542.6437
2021-06-07,104.5736774,35809.66
2021-06-08,105.0963212,33587.52163
2021-06-09,100.9216429,33404.62061
2021-06-10,97.89507086,37394
2021-06-11,95.18150996,36679.97394
2021-06-12,95.285847,37326.22845
2021-06-13,93.2413997,35542
2021-06-14,92.7038545,39040.4
2021-06-15,90.10101455,40530.495
2021-06-16,89.1079175,40171.47
2021-06-17,89.6415725,38341.97593
2021-06-18,90.93900254,38076
2021-06-19,87.34296578,35790.22
2021-06-20,84.11051267,35507.06
2021-06-21,81.14538581,35585.5
2021-06-22,77.1919199,31655.2
2021-06-23,75.01750018,32516.2
2021-06-24,72.54662763,33669.19731
2021-06-25,71.16291506,34651.09395
2021-06-26,69.77919251,31600.5
2021-06-27,65.13381047,32273
2021-06-28,63.45355529,34678.92815
2021-06-29,63.3547144,34472
2021-06-30,62.06986267,35038.21066
2021-07-01,61.18030466,35045.52366
2021-07-02,59.20356671,33541.989
2021-07-03,60.11475022,33811.56
2021-07-04,62.57242603,34682.87786
2021-07-05,63.27571351,35298.92997
2021-07-06,64.49356411,33717.38615
2021-07-07,64.55587706,34230.442
2021-07-08,64.96700088,33874.86008
2021-07-09,65.40139606,32880.18386
2021-07-10,67.15999379,33812.39152
2021-07-11,67.87218881,33513.19744
2021-07-12,67.44486581,34239.06531
2021-07-13,67.01750292,33107.84
2021-07-14,70.36478661,32729.1205
2021-07-15,69.58137109,32818.17651
2021-07-16,70.93449076,31857.43684
2021-07-17,69.62519065,31396.63354
2021-07-18,70.48537269,31522.35324
2021-07-19,73.03707154,31786.01138
2021-07-20,71.62232718,30822.20716
2021-07-21,69.34545568,29789.94
2021-07-22,70.60211846,32125
2021-07-23,69.07169565,32280.94
2021-07-24,69.35528091,33638.9
2021-07-25,69.96542315,34284.6
2021-07-26,68.60944069,35415.15719
2021-07-27,71.86368887,37291.24
2021-07-28,73.01595054,39491.92096
2021-07-29,73.83572849,40018.31622
2021-07-30,76.29552963,40025.27359
2021-07-31,77.45134722,42209.9
2021-08-01,78.50053987,41454.1
2021-08-02,78.93725166,39889.1
2021-08-03,79.94634073,39170.98824
2021-08-04,79.05056329,38163
2021-08-05,79.72501576,39732.6745
2021-08-06,79.90554218,40885.5
2021-08-07,80.69526807,42835.75611
2021-08-08,80.99189129,44637.44187
2021-08-09,81.65944794,43829.15
2021-08-10,81.36282471,46307.1
2021-08-11,82.17863121,45603.17396
2021-08-12,81.51107457,45576.14831
2021-08-13,80.87912918,44425.29134
2021-08-14,81.54575952,47833.62112
2021-08-15,84.31252759,47102.07549
2021-08-16,85.85286874,47028.3
2021-08-17,87.30449053,45930.51
2021-08-18,87.14640126,44682.0325
2021-08-19,88.2038291,44721.13
2021-08-20,89.77741428,46759.04603
2021-08-21,90.25497562,49336.56352
2021-08-22,88.82239453,48884.34
2021-08-23,91.68765963,49299.91673
2021-08-24,90.25507854,49542.07062
2021-08-25,93.01381864,47716.28431
2021-08-26,93.91511274,48987.65
2021-08-27,94.3388455,46852.16987
2021-08-28,93.5159785,49074.9
2021-08-29,94.52256252,48919.62025
2021-08-30,91.01001656,48800.46739
2021-08-31,91.73099008,46992.59229
2021-09-01,90.57465353,47132.03242
2021-09-02,90.84503147,48849.40093
2021-09-03,91.02524912,49290.3
2021-09-04,92.28697852,50024.05116
2021-09-05,93.00795205,49941.21417
2021-09-06,96.34254466,51786.69733
2021-09-07,97.16592627,52691.89988
2021-09-08,98.19782928,46843.218
2021-09-09,97.67714333,46072.2974
2021-09-10,97.15234048,46382.15212
2021-09-11,97.12743318,44847.91182
2021-09-12,96.19711488,45162.0119
2021-09-13,95.67642893,46061.3
2021-09-14,97.70380031,44966.23542
2021-09-15,97.70380031,47103.18
2021-09-16,97.60952312,48149.95962
2021-09-17,98.64595472,47763.88728
2021-09-18,99.30538047,47287.78235
2021-09-19,100.5302635,48315.19744
2021-09-20,101.0013408,47246.93402
2021-09-21,96.91355981,42993
2021-09-22,96.55919695,40654.91556
2021-09-23,99.78325058,43578.00138
2021-09-24,100.3185516,44893.8933
2021-09-25,99.71130761,42846.95375
2021-09-26,98.14698547,42709.74897
2021-09-27,97.2964034,43191.06
2021-09-28,99.87401181,42189.81
2021-09-29,99.09548846,41041.97149
2021-09-30,99.16616879,41538.2224
2021-10-01,97.96893017,43798.7
2021-10-02,101.6821375,48163.14147
2021-10-03,102.3016647,47685.14316
2021-10-04,102.426949,48224.47049
2021-10-05,104.2855646,49235.80605
2021-10-06,104.9613614,51507.3739
2021-10-07,103.2038809,55349.49832
2021-10-08,102.2293476,53790.43501
2021-10-09,99.78651513,53933.77377
2021-10-10,101.839273,54956.03497
2021-10-11,101.9726623,54714.95
2021-10-12,99.43402412,57493.0594
2021-10-13,103.7128393,55995.49
2021-10-14,103.30578,57378.00869
2021-10-15,105.4430729,57355.5
2021-10-16,103.7128393,61684.28662
2021-10-17,103.8146299,60870.26
2021-10-18,104.0414715,61527.55963
2021-10-19,106.3290315,62064.09
2021-10-20,104.4378268,64276.53882
2021-10-21,105.7007913,66008.47398
2021-10-22,107.5841738,62211.53568
2021-10-23,108.946047,60691.48257
2021-10-24,108.3819277,61326.30774
2021-10-25,111.9954408,60871.59559
2021-10-26,111.4817536,63081.8
2021-10-27,112.3037972,60317.60537
2021-10-28,112.8175874,58475.39497
2021-10-29,114.1533182,60592.76
2021-10-30,115.1807955,62266.30381
2021-10-31,113.9278146,61864.89341
2021-11-01,111.6284185,61356.06384
2021-11-02,113.7250568,60954.5
2021-11-03,115.4349117,63258.73
2021-11-04,115.5610949,62942.9
2021-11-05,115.1676214,61446.47
2021-11-06,116.3073874,61028.21451
2021-11-07,118.7947204,61536.39452
2021-11-08,117.3541113,63300.2802
2021-11-09,116.6892306,67553.94893
2021-11-10,115.3594693,66935.88509
2021-11-11,117.021671,64972.24274
2021-11-12,115.5810619,64837.48975
2021-11-13,115.4702142,64158.41
2021-11-14,116.5624299,64414.90908
2021-11-15,119.1195444,65496.01146
2021-11-16,119.6767679,63617.04929
2021-11-17,120.4504379,60128.56313
2021-11-18,119.6467145,60373.36284
2021-11-19,119.8039804,56921.7
2021-11-20,119.6702838,58128.42369
2021-11-21,116.9362451,59752.14424
2021-11-22,115.7761004,58684.5
2021-11-23,113.6879017,56309.76216
2021-11-24,114.6159557,57576.84963
2021-11-25,112.9918355,57193.70973
2021-11-26,112.4117632,58959.31556
2021-11-27,112.1797754,53712.21
2021-11-28,112.8342609,54784.9
2021-11-29,112.8187195,57303.18597
2021-11-30,112.8187195,57834.35755
2021-12-01,110.2612962,56973.18204
2021-12-02,112.8930297,57237.27163
2021-12-03,116.7783617,56524.82956
2021-12-04,117.9019688,53694.69
